target,ref,is_self_pair,rank,signal_type,counter_trade,use_excess_return,threshold_width,hold_days,start_days,sma_period,trade_count,average_pct,std_pct,t_value,win_rate,positive_year_ratio,worst_year_profit,neighbor_expected_count,neighbor_valid_count,neighbor_coverage_ratio,neighbor_mean_t,neighbor_worst_t,neighbor_positive_ratio_expected,neighbor_t_ge_1_ratio_expected,signal_type_support_t_ge_1,signal_type_support_t_ge_2,eligible_task_count,eligible_task_positive_ratio,eligible_task_t_ge_1_ratio,eligible_mean_t,eligible_median_t
AUD_JPY,AUD_JPY,True,7471,bb,False,False,1.000000000,20,1,15,251,0.228872801,3.771940725,0.961316034,50.597609562,53.333333333,-9.373731620,5,5,1.000000000,-0.054261132,-0.536573378,0.400000000,0.000000000,0,0,40,0.450000000,0.000000000,-0.022017978,-0.020707125
AUD_JPY,AUD_NZD,False,646,change,False,False,1.000000000,20,1,50,206,0.583643325,4.020772353,2.083395146,51.941747573,66.666666667,-10.478757048,2,2,1.000000000,0.197774934,0.047445225,1.000000000,0.000000000,4,1,42,0.500000000,0.166666667,-0.020249052,-0.019780228
AUD_JPY,AUD_USD,False,5822,change,False,False,1.000000000,20,1,100,212,0.296814796,3.922375984,1.101803774,50.943396226,66.666666667,-10.582768651,2,2,1.000000000,0.184001569,-0.146905240,0.500000000,0.000000000,1,0,40,0.500000000,0.025000000,-0.021297250,-0.021526368
AUD_JPY,CAD_JPY,False,2752,bb,False,False,1.000000000,20,1,10,281,0.353903570,3.983647070,1.489214472,56.939501779,66.666666667,-7.417301408,3,3,1.000000000,-0.214300137,-1.040793772,0.666666667,0.000000000,2,0,40,0.500000000,0.050000000,-0.021516322,-0.018574622
AUD_JPY,CBOE_Volatility_Index,False,1519,stoch,True,False,30.000000000,20,1,50,184,0.535842627,4.136097544,1.757338397,52.717391304,66.666666667,-7.259935372,2,2,1.000000000,1.419562313,1.138331667,1.000000000,1.000000000,2,0,42,0.500000000,0.142857143,-0.023918304,-0.020794004
AUD_JPY,CHF_JPY,False,1667,di,True,False,20.000000000,20,1,10,194,0.536266291,4.347421459,1.718104671,56.701030928,73.333333333,-5.781887332,1,1,1.000000000,1.589846451,1.589846451,1.000000000,1.000000000,2,0,40,0.500000000,0.050000000,-0.021247997,-0.021040584
AUD_JPY,COPPER_USD,False,1220,stoch,False,False,30.000000000,20,1,50,162,0.585226427,4.023418665,1.851340108,55.555555556,60.000000000,-10.301977684,2,2,1.000000000,0.043578335,-0.383588986,0.500000000,0.000000000,4,0,40,0.450000000,0.125000000,-0.022880898,-0.024316788
AUD_JPY,EUR_AUD,False,12,bb,False,False,2.000000000,20,1,15,157,0.970417320,3.706648649,3.280401063,59.872611465,80.000000000,-15.887115048,8,7,0.875000000,0.504734888,-0.270196518,0.750000000,0.250000000,2,1,42,0.500000000,0.095238095,-0.021946250,-0.017916386
AUD_JPY,EUR_CHF,False,3271,bb,False,False,1.500000000,20,1,15,217,0.387940454,4.075686547,1.402148981,51.612903226,60.000000000,-10.364473568,8,8,1.000000000,-0.059869850,-0.999106021,0.500000000,0.125000000,1,0,20,0.500000000,0.100000000,-0.021651471,-0.016393358
AUD_JPY,EUR_GBP,False,122,sma,False,False,1.000000000,20,1,15,172,0.908856306,4.390138908,2.715070972,55.232558140,80.000000000,-8.030843604,2,2,1.000000000,1.696040971,1.205765125,1.000000000,1.000000000,5,4,40,0.500000000,0.375000000,-0.020527550,-0.018798335
AUD_JPY,EUR_JPY,False,5282,di,True,False,20.000000000,20,1,10,195,0.348062592,4.205173649,1.155821375,52.820512821,73.333333333,-7.459494128,1,1,1.000000000,1.881073145,1.881073145,1.000000000,1.000000000,2,0,42,0.500000000,0.071428571,-0.020873826,-0.021194391
AUD_JPY,EUR_NZD,False,2656,sma,False,False,1.000000000,20,1,50,220,0.421740473,4.160967436,1.503357623,53.636363636,60.000000000,-17.997850744,2,2,1.000000000,0.643866795,0.087899767,1.000000000,0.500000000,4,0,42,0.500000000,0.166666667,-0.021415874,-0.020534922
AUD_JPY,EUR_USD,False,477,change,False,False,1.000000000,20,1,100,200,0.610298996,3.938170727,2.191609193,57.000000000,73.333333333,-3.443004880,2,2,1.000000000,0.658705105,0.163798978,1.000000000,0.500000000,2,2,38,0.447368421,0.105263158,-0.020859597,-0.021795458
AUD_JPY,GBP_AUD,False,8554,change,True,False,1.000000000,20,1,50,212,0.249090994,4.100652023,0.884449497,51.886792453,53.333333333,-22.265080792,2,2,1.000000000,0.440401088,0.162826123,1.000000000,0.000000000,0,0,40,0.500000000,0.000000000,-0.021074924,-0.019875192
AUD_JPY,GBP_CHF,False,668,di,True,False,20.000000000,20,1,10,186,0.616379436,4.055387129,2.072871092,54.301075269,73.333333333,-16.407723240,1,1,1.000000000,1.193903956,1.193903956,1.000000000,1.000000000,5,2,40,0.500000000,0.250000000,-0.020462590,-0.018540749
AUD_JPY,GBP_JPY,False,634,bb,True,False,2.000000000,20,1,15,152,0.726570736,4.281378677,2.092261935,53.289473684,73.333333333,-12.726231532,8,7,0.875000000,0.838248985,0.000037698,0.875000000,0.375000000,3,1,42,0.500000000,0.119047619,-0.021172183,-0.019014508
AUD_JPY,GBP_USD,False,1549,bb,True,False,1.500000000,20,1,10,239,0.474876303,4.196179118,1.749546262,55.230125523,80.000000000,-12.102603368,5,5,1.000000000,1.611121837,0.687207762,1.000000000,0.800000000,3,0,42,0.500000000,0.166666667,-0.020939945,-0.017383930
AUD_JPY,GOLD_USD,False,236,sma,False,False,1.000000000,20,1,200,197,0.727979809,4.132875310,2.472294167,57.868020305,93.333333333,-2.794910784,1,1,1.000000000,0.392028666,0.392028666,1.000000000,0.000000000,5,1,40,0.500000000,0.175000000,-0.021343595,-0.017780843
AUD_JPY,NQ100_Futures,False,1337,bb,False,False,1.500000000,20,1,15,221,0.498587286,4.090436491,1.812039592,56.108597285,73.333333333,-7.421278420,8,8,1.000000000,0.782765044,0.282383250,1.000000000,0.250000000,4,0,40,0.500000000,0.175000000,-0.022963266,-0.022489052
AUD_JPY,NZD_JPY,False,3141,bb,True,False,1.500000000,20,1,15,215,0.358066889,3.697356790,1.420012056,55.348837209,66.666666667,-9.817934474,8,8,1.000000000,0.668553648,-0.567253174,0.750000000,0.375000000,3,0,40,0.500000000,0.075000000,-0.022501241,-0.022337166
AUD_JPY,NZD_USD,False,5531,change,False,False,1.000000000,20,1,200,201,0.343392212,4.304098009,1.131113843,55.721393035,60.000000000,-17.379467976,1,1,1.000000000,0.114221396,0.114221396,1.000000000,0.000000000,1,0,40,0.475000000,0.025000000,-0.021385540,-0.022270989
AUD_JPY,OIL_USD,False,2751,bb,True,False,1.500000000,20,1,10,241,0.395765733,4.125618075,1.489215983,50.622406639,60.000000000,-12.104042056,5,5,1.000000000,0.804657393,0.401362960,1.000000000,0.400000000,1,0,40,0.500000000,0.075000000,-0.022361882,-0.027107470
AUD_JPY,SILVER_USD,False,129,change,False,False,1.000000000,20,1,100,227,0.730954801,4.076251377,2.701733410,58.149779736,86.666666667,-11.132648580,2,2,1.000000000,0.490052677,0.179682259,1.000000000,0.000000000,3,1,42,0.476190476,0.071428571,-0.022208742,-0.022711238
AUD_JPY,TRY_JPY,False,847,sma,True,False,1.000000000,20,1,200,200,0.573391318,4.066737415,1.993976241,56.000000000,86.666666667,-9.948074200,1,1,1.000000000,1.028687328,1.028687328,1.000000000,1.000000000,4,0,40,0.500000000,0.150000000,-0.022540410,-0.025064884
AUD_JPY,UK100_Futures,False,435,sma,False,False,1.000000000,20,1,50,224,0.577021182,3.868477276,2.232419025,57.589285714,66.666666667,-15.464288292,2,2,1.000000000,0.887741709,0.569200253,1.000000000,0.500000000,3,1,42,0.500000000,0.214285714,-0.022442993,-0.020497529
AUD_JPY,US30_Futures,False,1593,stoch,False,False,30.000000000,20,1,15,223,0.466693930,4.015207848,1.735707547,55.605381166,78.571428571,-5.581503312,2,2,1.000000000,0.640845417,-0.075968019,0.500000000,0.500000000,4,0,40,0.425000000,0.125000000,-0.021016654,-0.020137657
AUD_JPY,USD_CAD,False,5206,change,True,False,1.000000000,20,1,200,192,0.348281243,4.145474712,1.164143264,54.166666667,60.000000000,-9.218050088,1,1,1.000000000,0.372591026,0.372591026,1.000000000,0.000000000,1,0,40,0.475000000,0.025000000,-0.020436373,-0.020592942
AUD_JPY,USD_CHF,False,998,change,True,False,1.000000000,20,1,100,209,0.509934539,3.816797330,1.931472247,55.023923445,80.000000000,-6.603687192,2,2,1.000000000,0.930138750,0.638254175,1.000000000,0.500000000,4,0,42,0.476190476,0.142857143,-0.021166693,-0.022196825
AUD_JPY,USD_JPY,False,947,bb,True,False,1.000000000,20,1,100,153,0.672804996,4.260685729,1.953239154,58.169934641,66.666666667,-4.900572860,5,5,1.000000000,1.339814916,0.959344797,1.000000000,0.800000000,4,0,38,0.473684211,0.157894737,-0.021471320,-0.021016972
AUD_JPY,USSPX500_Futures,False,2356,sma,False,False,1.000000000,20,1,100,208,0.390025602,3.605386534,1.560173693,54.326923077,66.666666667,-8.002840764,2,2,1.000000000,0.623245187,0.383748174,1.000000000,0.000000000,4,0,44,0.500000000,0.204545455,-0.022550514,-0.023227814
AUD_JPY,ZAR_JPY,False,4005,change,True,False,1.000000000,20,1,100,229,0.346140689,4.046620022,1.294428209,54.585152838,73.333333333,-11.667636376,2,2,1.000000000,0.895843413,0.776085991,1.000000000,0.500000000,3,0,40,0.500000000,0.100000000,-0.022618405,-0.017706161
AUD_NZD,AUD_JPY,False,3330,stoch,True,False,30.000000000,20,1,50,163,0.219695808,2.019184959,1.389119061,55.214723926,66.666666667,-0.091613683,2,2,1.000000000,1.205401822,0.519815761,1.000000000,0.500000000,2,0,40,0.375000000,0.075000000,-0.482125942,-0.465440884
AUD_NZD,AUD_NZD,True,7889,sma,True,False,1.000000000,20,1,200,181,0.144919488,2.095281123,0.930515858,51.381215470,73.333333333,-0.165054732,1,1,1.000000000,-0.685374555,-0.685374555,0.000000000,0.000000000,0,0,42,0.238095238,0.000000000,-0.431711327,-0.413462519
AUD_NZD,AUD_USD,False,14070,change,True,False,1.000000000,20,1,15,254,0.080012528,2.259390449,0.564395528,50.393700787,60.000000000,-0.120800353,2,2,1.000000000,-0.409379543,-0.460088608,0.000000000,0.000000000,0,0,40,0.100000000,0.000000000,-0.478454242,-0.444992154
AUD_NZD,CAD_JPY,False,13034,change,True,False,1.000000000,20,1,100,217,0.093164714,2.226707682,0.616336822,52.073732719,53.333333333,-0.104570241,2,2,1.000000000,0.217658089,0.145980158,1.000000000,0.000000000,0,0,40,0.100000000,0.000000000,-0.479291138,-0.454209025
AUD_NZD,CBOE_Volatility_Index,False,19134,di,False,False,20.000000000,20,1,10,192,0.049713489,2.066029939,0.333417393,53.125000000,33.333333333,-0.066613198,1,1,1.000000000,0.181038117,0.181038117,1.000000000,0.000000000,0,0,42,0.119047619,0.000000000,-0.508474629,-0.514580629
AUD_NZD,CHF_JPY,False,5801,sma,True,False,1.000000000,20,1,100,195,0.170314558,2.154597754,1.103831732,51.794871795,66.666666667,-0.087616756,2,2,1.000000000,0.317900252,-0.319616661,0.500000000,0.000000000,2,0,40,0.400000000,0.050000000,-0.455112284,-0.452705337
AUD_NZD,COPPER_USD,False,4224,bb,False,False,1.000000000,20,1,50,185,0.201954847,2.162857810,1.270024726,54.594594595,60.000000000,-0.061194040,5,5,1.000000000,0.310640767,-0.558023375,0.600000000,0.400000000,1,0,40,0.200000000,0.050000000,-0.489238759,-0.549162255
AUD_NZD,EUR_AUD,False,10900,change,False,False,1.000000000,20,1,50,217,0.109704806,2.200437716,0.734423291,51.612903226,60.000000000,-0.069295605,2,2,1.000000000,-0.933990913,-1.074791936,0.000000000,0.000000000,0,0,42,0.309523810,0.000000000,-0.467918532,-0.472147952
AUD_NZD,EUR_CHF,False,18312,bb,True,False,1.000000000,20,1,50,179,0.064215970,2.333941384,0.368111695,51.396648045,53.333333333,-0.213613914,5,5,1.000000000,-0.309493672,-0.510624319,0.000000000,0.000000000,0,0,20,0.100000000,0.000000000,-0.453644874,-0.416484647
AUD_NZD,EUR_GBP,False,3385,change,False,False,1.000000000,20,1,50,208,0.219191317,2.289641265,1.380662627,54.326923077,53.333333333,-0.071702934,2,2,1.000000000,-0.036238980,-0.195295507,0.500000000,0.000000000,1,0,40,0.175000000,0.025000000,-0.442470441,-0.436857578
AUD_NZD,EUR_JPY,False,4203,bb,True,False,1.000000000,20,1,15,259,0.178153757,2.254020581,1.271999643,51.737451737,73.333333333,-0.158473300,5,5,1.000000000,0.282596832,0.061489978,1.000000000,0.000000000,3,0,42,0.452380952,0.095238095,-0.445530193,-0.486784338
AUD_NZD,EUR_NZD,False,8433,stoch,True,False,30.000000000,20,1,15,244,0.127279239,2.228769846,0.892046022,54.918032787,66.666666667,-0.170631799,2,2,1.000000000,-0.034088672,-0.077830790,0.500000000,0.000000000,0,0,42,0.309523810,0.000000000,-0.460790608,-0.425596097
AUD_NZD,EUR_USD,False,11526,stoch,True,False,30.000000000,20,1,10,267,0.092846815,2.168511894,0.699617768,53.558052434,46.666666667,-0.062832347,1,1,1.000000000,0.650239852,0.650239852,1.000000000,0.000000000,0,0,38,0.421052632,0.000000000,-0.462340639,-0.434271054
AUD_NZD,GBP_AUD,False,14115,bb,True,False,1.500000000,20,1,10,228,0.074790742,2.007691662,0.562494459,50.438596491,46.666666667,-0.128260479,5,5,1.000000000,-0.170287726,-1.059222964,0.400000000,0.000000000,0,0,40,0.200000000,0.000000000,-0.486093234,-0.491966919
AUD_NZD,GBP_CHF,False,11424,sma,True,False,1.000000000,20,1,200,177,0.112514340,2.124304314,0.704657015,53.672316384,66.666666667,-0.105676798,1,1,1.000000000,-0.163658254,-0.163658254,0.000000000,0.000000000,0,0,40,0.175000000,0.000000000,-0.449975238,-0.481954302
AUD_NZD,GBP_JPY,False,2240,change,True,False,1.000000000,20,1,50,223,0.244323066,2.305012832,1.582863826,58.744394619,80.000000000,-0.068603751,2,2,1.000000000,0.820092507,0.392027229,1.000000000,0.500000000,3,0,42,0.285714286,0.095238095,-0.453856945,-0.483598551
AUD_NZD,GBP_USD,False,10882,di,True,False,20.000000000,20,1,10,192,0.117729577,2.218883990,0.735193403,51.041666667,66.666666667,-0.145836644,1,1,1.000000000,-0.024094173,-0.024094173,0.000000000,0.000000000,0,0,42,0.166666667,0.000000000,-0.454774375,-0.479664241
AUD_NZD,GOLD_USD,False,5575,change,False,False,1.000000000,20,1,100,217,0.169555467,2.217982721,1.126116974,52.995391705,66.666666667,-0.098063112,2,2,1.000000000,-0.258919725,-0.386593813,0.000000000,0.000000000,1,0,40,0.300000000,0.025000000,-0.455934393,-0.474359205
AUD_NZD,NQ100_Futures,False,10278,sma,False,False,1.000000000,20,1,200,200,0.111632075,2.051334854,0.769604215,50.500000000,53.333333333,-0.178267724,1,1,1.000000000,0.468760356,0.468760356,1.000000000,0.000000000,0,0,40,0.225000000,0.000000000,-0.491672952,-0.463738083
AUD_NZD,NZD_JPY,False,5546,bb,True,False,1.000000000,20,1,50,182,0.179520098,2.143889334,1.129656504,56.043956044,73.333333333,-0.076229820,5,5,1.000000000,0.499114084,-0.317857123,0.600000000,0.400000000,3,0,40,0.275000000,0.075000000,-0.482354173,-0.523037678
AUD_NZD,NZD_USD,False,12883,sma,False,False,1.000000000,20,1,200,195,0.095961815,2.141040168,0.625879813,53.846153846,53.333333333,-0.124811819,1,1,1.000000000,-0.227962194,-0.227962194,0.000000000,0.000000000,0,0,40,0.075000000,0.000000000,-0.470153986,-0.465649190
AUD_NZD,OIL_USD,False,7182,di,True,False,20.000000000,20,1,10,193,0.153656053,2.172215149,0.982710257,53.367875648,66.666666667,-0.113434070,1,1,1.000000000,-0.208662945,-0.208662945,0.000000000,0.000000000,0,0,40,0.100000000,0.000000000,-0.486112218,-0.441869263
AUD_NZD,SILVER_USD,False,2305,di,True,False,20.000000000,20,1,10,185,0.252546025,2.188109923,1.569846778,50.810810811,80.000000000,-0.025190893,1,1,1.000000000,0.113703958,0.113703958,1.000000000,0.000000000,2,0,42,0.285714286,0.047619048,-0.469470341,-0.417745820
AUD_NZD,TRY_JPY,False,6355,change,True,False,1.000000000,20,1,50,234,0.153471876,2.230896641,1.052342913,53.418803419,66.666666667,-0.055206363,2,2,1.000000000,0.119880340,-0.205843307,0.500000000,0.000000000,1,0,40,0.175000000,0.025000000,-0.484946085,-0.486040572
AUD_NZD,UK100_Futures,False,12103,sma,False,False,1.000000000,20,1,50,224,0.092122434,2.065605786,0.667485707,49.553571429,73.333333333,-0.183525438,2,2,1.000000000,-0.592180865,-1.090977312,0.000000000,0.000000000,0,0,42,0.190476190,0.000000000,-0.479842581,-0.429896390
AUD_NZD,US30_Futures,False,17602,di,True,False,20.000000000,20,1,10,168,0.067233068,2.182641939,0.399259329,56.547619048,50.000000000,-0.081540699,1,1,1.000000000,1.832623816,1.832623816,1.000000000,1.000000000,0,0,40,0.175000000,0.000000000,-0.457823701,-0.498288472
AUD_NZD,USD_CAD,False,10052,change,True,False,1.000000000,20,1,200,192,0.129433415,2.289464623,0.783363060,54.687500000,46.666666667,-0.063320834,1,1,1.000000000,-0.448313693,-0.448313693,0.000000000,0.000000000,0,0,40,0.250000000,0.000000000,-0.454325683,-0.457594104
AUD_NZD,USD_CHF,False,8209,sma,True,False,1.000000000,20,1,100,198,0.137009664,2.124258714,0.907562175,50.505050505,60.000000000,-0.101962415,2,2,1.000000000,0.000295469,-0.034016688,0.500000000,0.000000000,0,0,42,0.261904762,0.000000000,-0.462645840,-0.501272896
AUD_NZD,USD_JPY,False,584,change,True,False,1.000000000,20,1,100,213,0.313875836,2.153822118,2.126854852,59.154929577,66.666666667,-0.133487810,2,2,1.000000000,0.611829957,-0.428615401,0.500000000,0.500000000,3,1,38,0.289473684,0.157894737,-0.467067125,-0.441100219
AUD_NZD,USSPX500_Futures,False,2692,di,True,False,20.000000000,20,1,10,186,0.218653905,1.990663937,1.498013618,56.451612903,73.333333333,-0.091222779,1,1,1.000000000,1.005228915,1.005228915,1.000000000,1.000000000,1,0,44,0.113636364,0.022727273,-0.475267684,-0.491254180
AUD_NZD,ZAR_JPY,False,3312,sma,True,False,1.000000000,20,1,50,237,0.187975709,2.077340379,1.393054927,53.164556962,66.666666667,-0.089577366,2,2,1.000000000,0.668767408,0.319077844,1.000000000,0.500000000,2,0,40,0.300000000,0.075000000,-0.479050594,-0.455313418
AUD_USD,AUD_JPY,False,9682,change,True,False,1.000000000,20,1,100,215,0.205144973,3.726572734,0.807180213,53.023255814,66.666666667,-0.202618638,2,2,1.000000000,0.609855520,0.536163353,1.000000000,0.000000000,0,0,40,0.475000000,0.000000000,-0.021598074,-0.024025857
AUD_USD,AUD_NZD,False,3465,bb,False,False,1.500000000,20,1,10,231,0.293718381,3.255660962,1.371190965,54.978354978,60.000000000,-0.208592006,5,5,1.000000000,0.715267364,0.302262456,1.000000000,0.200000000,3,0,42,0.476190476,0.119047619,-0.020667104,-0.019057352
AUD_USD,AUD_USD,True,3345,change,False,False,1.000000000,20,1,100,212,0.315280139,3.311909619,1.386072884,54.716981132,60.000000000,-0.176315775,2,2,1.000000000,0.272086977,-0.314999649,0.500000000,0.000000000,2,0,40,0.500000000,0.050000000,-0.021270588,-0.018977679
AUD_USD,CAD_JPY,False,2779,change,True,False,1.000000000,20,1,50,228,0.354849558,3.610471063,1.484047573,52.631578947,60.000000000,-0.062524816,2,2,1.000000000,0.251198617,-0.025033567,0.500000000,0.000000000,2,0,40,0.450000000,0.050000000,-0.021538250,-0.020721762
AUD_USD,CBOE_Volatility_Index,False,3119,bb,True,False,1.000000000,20,1,100,166,0.377497405,3.418386164,1.422809948,56.024096386,53.333333333,-0.148501737,5,5,1.000000000,1.024628508,0.462946459,1.000000000,0.400000000,2,0,42,0.500000000,0.071428571,-0.024196236,-0.022676011
AUD_USD,CHF_JPY,False,3238,stoch,False,False,30.000000000,20,1,50,159,0.367438100,3.293147898,1.406926833,52.201257862,73.333333333,-0.095068665,2,2,1.000000000,0.336293501,-0.090349927,0.500000000,0.000000000,2,0,40,0.475000000,0.075000000,-0.021109683,-0.018274482
AUD_USD,COPPER_USD,False,662,sma,False,False,1.000000000,20,1,100,212,0.481655021,3.379527726,2.075142897,53.773584906,73.333333333,-0.073057443,2,2,1.000000000,0.641511579,0.612564990,1.000000000,0.000000000,4,1,40,0.475000000,0.150000000,-0.022463190,-0.024373696
AUD_USD,EUR_AUD,False,451,bb,False,False,2.000000000,20,1,15,157,0.592305897,3.355642660,2.211669230,55.414012739,66.666666667,-0.125588617,8,7,0.875000000,0.487548903,-0.423442407,0.750000000,0.250000000,1,1,42,0.500000000,0.047619048,-0.021343260,-0.021146004
AUD_USD,EUR_CHF,False,3186,bb,False,False,1.500000000,20,1,15,218,0.333646257,3.481511431,1.414968196,54.587155963,60.000000000,-0.067937854,8,8,1.000000000,0.221605839,-0.235514802,0.750000000,0.000000000,2,0,20,0.450000000,0.150000000,-0.021441473,-0.022810202
AUD_USD,EUR_GBP,False,32,di,False,False,20.000000000,20,1,10,184,0.768467805,3.388286035,3.076483024,54.891304348,100.000000000,0.001920377,1,1,1.000000000,2.367134274,2.367134274,1.000000000,1.000000000,5,4,40,0.500000000,0.450000000,-0.020705992,-0.020354440
AUD_USD,EUR_JPY,False,6170,bb,False,False,1.500000000,20,1,10,248,0.247504839,3.640861333,1.070546155,51.209677419,73.333333333,-0.066653481,5,5,1.000000000,0.398755931,-0.693837212,0.800000000,0.000000000,1,0,42,0.500000000,0.023809524,-0.020546687,-0.018938170
AUD_USD,EUR_NZD,False,1545,bb,False,False,2.000000000,20,1,15,151,0.510475884,3.582286137,1.751069693,52.980132450,60.000000000,-0.158433662,8,7,0.875000000,0.429620822,-1.067035684,0.500000000,0.250000000,5,0,42,0.500000000,0.238095238,-0.021566539,-0.021553624
AUD_USD,EUR_USD,False,631,change,False,False,1.000000000,20,1,100,200,0.515457220,3.482765545,2.093068231,59.500000000,66.666666667,-0.046905928,2,2,1.000000000,0.827876143,0.617212446,1.000000000,0.500000000,4,1,38,0.500000000,0.157894737,-0.021211983,-0.020582809
AUD_USD,GBP_AUD,False,3607,stoch,True,False,30.000000000,20,1,15,234,0.295374378,3.346359786,1.350231129,58.547008547,66.666666667,-0.221654071,2,2,1.000000000,0.956777959,0.732984651,1.000000000,0.500000000,3,0,40,0.500000000,0.175000000,-0.021186657,-0.021069716
AUD_USD,GBP_CHF,False,1156,stoch,True,False,30.000000000,20,1,50,151,0.541351390,3.551665251,1.872991058,56.953642384,66.666666667,-0.058736412,2,2,1.000000000,1.376045435,1.278269805,1.000000000,1.000000000,5,0,40,0.500000000,0.375000000,-0.020314876,-0.017817839
AUD_USD,GBP_JPY,False,1428,change,True,False,1.000000000,20,1,10,262,0.419588979,3.812779893,1.781283249,54.198473282,66.666666667,-0.042701081,1,1,1.000000000,1.156531841,1.156531841,1.000000000,1.000000000,4,0,42,0.500000000,0.309523810,-0.020869690,-0.021016868
AUD_USD,GBP_USD,False,2367,change,False,False,1.000000000,20,1,100,198,0.397557008,3.590383037,1.558085284,53.535353535,66.666666667,-0.100700164,2,2,1.000000000,0.353163319,-0.520104686,0.500000000,0.500000000,2,0,42,0.500000000,0.142857143,-0.021054674,-0.017942764
AUD_USD,GOLD_USD,False,256,sma,False,False,1.000000000,20,1,200,197,0.605478561,3.477828113,2.443564290,57.868020305,80.000000000,-0.073253303,1,1,1.000000000,0.616709555,0.616709555,1.000000000,0.000000000,3,2,40,0.500000000,0.125000000,-0.021873055,-0.023058705
AUD_USD,NQ100_Futures,False,3616,bb,False,False,1.000000000,20,1,10,284,0.272506016,3.403399574,1.349342886,52.112676056,53.333333333,-0.066173088,3,3,1.000000000,0.735824046,0.105029211,1.000000000,0.333333333,2,0,40,0.500000000,0.075000000,-0.022871049,-0.019181563
AUD_USD,NZD_JPY,False,1775,stoch,True,False,30.000000000,20,1,15,243,0.350142672,3.225441782,1.692228369,53.086419753,86.666666667,-0.067318182,2,2,1.000000000,0.429871174,0.088582032,1.000000000,0.000000000,3,0,40,0.500000000,0.100000000,-0.021861949,-0.018484792
AUD_USD,NZD_USD,False,3548,sma,False,False,1.000000000,20,1,200,195,0.323680256,3.323452499,1.360016065,56.410256410,53.333333333,-0.153467291,1,1,1.000000000,0.409314255,0.409314255,1.000000000,0.000000000,1,0,40,0.500000000,0.025000000,-0.021550887,-0.021059613
AUD_USD,OIL_USD,False,2096,bb,False,False,1.000000000,20,1,100,162,0.470011049,3.704285389,1.614957644,55.555555556,60.000000000,-0.139050074,5,5,1.000000000,1.098103612,0.572673724,1.000000000,0.600000000,4,0,40,0.475000000,0.125000000,-0.022296699,-0.023969537
AUD_USD,SILVER_USD,False,158,change,False,False,1.000000000,20,1,100,227,0.605957117,3.475125035,2.627147059,57.268722467,73.333333333,-0.047947257,2,2,1.000000000,0.997165342,0.923619323,1.000000000,0.500000000,4,1,42,0.476190476,0.119047619,-0.022317140,-0.023210969
AUD_USD,TRY_JPY,False,635,bb,True,False,1.000000000,20,1,100,159,0.614723881,3.705508885,2.091851200,55.345911950,80.000000000,-0.089154562,5,5,1.000000000,1.082448192,0.664050058,1.000000000,0.600000000,5,2,40,0.475000000,0.200000000,-0.022320712,-0.021561436
AUD_USD,UK100_Futures,False,1110,bb,False,False,1.000000000,20,1,15,265,0.381131734,3.286483981,1.887845843,55.094339623,66.666666667,-0.099268960,5,5,1.000000000,1.413750256,0.857229983,1.000000000,0.800000000,4,0,42,0.500000000,0.238095238,-0.022415828,-0.019922288
AUD_USD,US30_Futures,False,7323,sma,False,False,1.000000000,20,1,50,206,0.241748535,3.571620863,0.971476075,54.368932039,64.285714286,-0.183877415,2,2,1.000000000,0.083389548,-0.025334653,0.500000000,0.000000000,0,0,40,0.475000000,0.000000000,-0.020339019,-0.019808415
AUD_USD,USD_CAD,False,1024,change,True,False,1.000000000,20,1,200,192,0.480874887,3.466277293,1.922292226,54.166666667,53.333333333,-0.045051681,1,1,1.000000000,1.323775889,1.323775889,1.000000000,1.000000000,2,0,40,0.500000000,0.075000000,-0.020781380,-0.023001628
AUD_USD,USD_CHF,False,836,change,True,False,1.000000000,20,1,100,209,0.452355789,3.271794602,1.998790443,56.937799043,66.666666667,-0.112932792,2,2,1.000000000,0.862273758,0.839074508,1.000000000,0.000000000,4,0,42,0.500000000,0.166666667,-0.021234635,-0.023288468
AUD_USD,USD_JPY,False,249,bb,True,False,1.000000000,20,1,100,153,0.684241054,3.453389182,2.450808168,54.248366013,73.333333333,-0.102606194,5,5,1.000000000,1.797919447,0.917540710,1.000000000,0.800000000,3,2,38,0.500000000,0.157894737,-0.021746595,-0.022878252
AUD_USD,USSPX500_Futures,False,4779,bb,False,False,1.000000000,20,1,10,293,0.239277371,3.395438013,1.206256402,51.194539249,66.666666667,-0.089659148,3,3,1.000000000,0.520442067,0.097741459,1.000000000,0.000000000,1,0,44,0.500000000,0.022727273,-0.022319598,-0.022575256
AUD_USD,ZAR_JPY,False,6508,bb,True,False,1.000000000,20,1,50,192,0.261731538,3.493044517,1.038251460,54.687500000,73.333333333,-0.083798066,5,5,1.000000000,0.350142371,0.053576941,1.000000000,0.000000000,1,0,40,0.450000000,0.025000000,-0.022770082,-0.025035472
CAD_JPY,AUD_JPY,False,4184,sma,False,False,1.000000000,20,1,10,239,0.304958065,3.699651151,1.274319413,54.811715481,80.000000000,-3.789188460,1,1,1.000000000,0.699250835,0.699250835,1.000000000,0.000000000,2,0,40,0.500000000,0.050000000,-0.028403969,-0.025458234
CAD_JPY,AUD_NZD,False,133,bb,False,False,1.000000000,20,1,100,159,0.717579823,3.368548494,2.686123503,59.748427673,66.666666667,-9.903104340,5,5,1.000000000,1.497487251,0.872559500,1.000000000,0.600000000,4,3,42,0.500000000,0.214285714,-0.027531740,-0.032910073
CAD_JPY,AUD_USD,False,4842,sma,False,False,1.000000000,20,1,200,197,0.299534982,3.503535125,1.199980496,52.284263959,60.000000000,-9.620874660,1,1,1.000000000,0.723005303,0.723005303,1.000000000,0.000000000,2,0,40,0.500000000,0.050000000,-0.027769284,-0.029287359
CAD_JPY,CAD_JPY,True,6682,sma,False,False,1.000000000,20,1,10,227,0.250354805,3.684853403,1.023643291,52.863436123,60.000000000,-7.430522940,1,1,1.000000000,0.246412672,0.246412672,1.000000000,0.000000000,1,0,40,0.500000000,0.025000000,-0.027986632,-0.029210862
CAD_JPY,CBOE_Volatility_Index,False,2699,di,True,False,20.000000000,20,1,10,192,0.363518933,3.363989276,1.497349036,52.604166667,73.333333333,-9.091947940,1,1,1.000000000,0.689061883,0.689061883,1.000000000,0.000000000,4,0,42,0.476190476,0.119047619,-0.031203877,-0.037848566
CAD_JPY,CHF_JPY,False,3084,di,True,False,20.000000000,20,1,10,194,0.397344251,3.874545094,1.428390913,52.577319588,66.666666667,-9.740322880,1,1,1.000000000,1.524794662,1.524794662,1.000000000,1.000000000,3,0,40,0.500000000,0.100000000,-0.028248768,-0.025318204
CAD_JPY,COPPER_USD,False,563,bb,False,False,1.000000000,20,1,100,164,0.562510025,3.369923868,2.137627861,55.487804878,66.666666667,-7.797444455,5,5,1.000000000,1.948843687,1.387851506,1.000000000,1.000000000,4,1,40,0.475000000,0.150000000,-0.030111439,-0.030616069
CAD_JPY,EUR_AUD,False,400,bb,False,False,2.000000000,20,1,15,157,0.599095861,3.310633948,2.267435705,56.687898089,86.666666667,-19.474276860,8,7,0.875000000,0.181285414,-0.833021937,0.500000000,0.125000000,3,1,42,0.500000000,0.095238095,-0.028136411,-0.031475872
CAD_JPY,EUR_CHF,False,2308,bb,False,False,1.000000000,20,1,15,258,0.310158514,3.174710885,1.569240035,54.263565891,66.666666667,-5.563354280,5,5,1.000000000,0.232774182,-0.724562826,0.800000000,0.200000000,1,0,20,0.500000000,0.100000000,-0.028786712,-0.028004487
CAD_JPY,EUR_GBP,False,263,sma,False,False,1.000000000,20,1,15,172,0.687732977,3.708258328,2.432282930,55.232558140,66.666666667,-11.788300780,2,2,1.000000000,1.381349692,0.900433527,1.000000000,0.500000000,5,1,40,0.500000000,0.325000000,-0.027345415,-0.033258796
CAD_JPY,EUR_JPY,False,1404,bb,False,False,1.500000000,20,1,15,217,0.388796176,3.203766961,1.787684743,57.142857143,80.000000000,-7.205805620,8,8,1.000000000,0.196978198,-1.291081319,0.500000000,0.250000000,3,0,42,0.476190476,0.119047619,-0.028277481,-0.024368866
CAD_JPY,EUR_NZD,False,819,change,True,False,1.000000000,20,1,200,195,0.496173819,3.455284829,2.005244329,55.384615385,73.333333333,-14.878864300,1,1,1.000000000,0.235770660,0.235770660,1.000000000,0.000000000,1,1,42,0.476190476,0.023809524,-0.028212305,-0.032987604
CAD_JPY,EUR_USD,False,3862,sma,False,False,1.000000000,20,1,200,192,0.318513686,3.361687758,1.312868838,54.687500000,53.333333333,-14.647345840,1,1,1.000000000,0.297929739,0.297929739,1.000000000,0.000000000,2,0,38,0.473684211,0.078947368,-0.027201101,-0.031602797
CAD_JPY,GBP_AUD,False,2880,sma,True,False,1.000000000,20,1,200,193,0.344611516,3.268722838,1.464638156,51.813471503,80.000000000,-9.187684980,1,1,1.000000000,0.419919039,0.419919039,1.000000000,0.000000000,3,0,40,0.425000000,0.100000000,-0.027951240,-0.031254540
CAD_JPY,GBP_CHF,False,2023,sma,True,False,1.000000000,20,1,15,192,0.447504985,3.805720471,1.629339574,54.166666667,66.666666667,-19.329301200,2,2,1.000000000,0.514363346,0.377173381,1.000000000,0.000000000,5,0,40,0.500000000,0.175000000,-0.026972870,-0.027607791
CAD_JPY,GBP_JPY,False,3060,bb,True,False,2.000000000,20,1,15,152,0.416277954,3.581404790,1.433018495,51.973684211,60.000000000,-10.968394440,8,7,0.875000000,0.673185885,0.216591125,0.875000000,0.125000000,3,0,42,0.500000000,0.071428571,-0.028449594,-0.027279200
CAD_JPY,GBP_USD,False,4942,bb,True,False,1.500000000,20,1,15,218,0.294228141,3.649779236,1.190271018,51.834862385,66.666666667,-9.041941380,8,8,1.000000000,1.198631235,0.294234905,1.000000000,0.250000000,3,0,42,0.500000000,0.071428571,-0.026904062,-0.024645309
CAD_JPY,GOLD_USD,False,1765,bb,True,False,2.000000000,20,1,15,150,0.520756812,3.759537086,1.696470123,54.666666667,73.333333333,-11.080878380,8,7,0.875000000,0.875617915,0.127004212,0.875000000,0.250000000,5,0,40,0.500000000,0.150000000,-0.028549711,-0.024468524
CAD_JPY,NQ100_Futures,False,1814,bb,False,False,1.500000000,20,1,15,221,0.388744780,3.435216180,1.682312358,54.751131222,46.666666667,-10.196896960,8,8,1.000000000,0.945775327,0.632820584,1.000000000,0.500000000,5,0,40,0.500000000,0.200000000,-0.030096708,-0.030077668
CAD_JPY,NZD_JPY,False,3163,change,False,False,1.000000000,20,1,200,202,0.358165349,3.591353372,1.417428342,57.425742574,73.333333333,-19.814838100,1,1,1.000000000,-0.183937628,-0.183937628,0.000000000,0.000000000,1,0,40,0.450000000,0.025000000,-0.028664678,-0.030667212
CAD_JPY,NZD_USD,False,4927,change,False,False,1.000000000,20,1,200,201,0.318813265,3.794041810,1.191330605,56.218905473,60.000000000,-18.051586020,1,1,1.000000000,-0.716087150,-0.716087150,0.000000000,0.000000000,1,0,40,0.500000000,0.025000000,-0.027734852,-0.030656170
CAD_JPY,OIL_USD,False,1737,bb,True,False,1.500000000,20,1,15,212,0.422247697,3.612174504,1.702027202,50.471698113,66.666666667,-14.055172400,8,8,1.000000000,0.263021324,-0.935806714,0.625000000,0.125000000,2,0,40,0.500000000,0.100000000,-0.029736441,-0.029992408
CAD_JPY,SILVER_USD,False,1470,di,True,False,20.000000000,20,1,10,185,0.465143429,3.574964145,1.769705759,55.675675676,66.666666667,-13.448559060,1,1,1.000000000,0.797515780,0.797515780,1.000000000,0.000000000,4,0,42,0.452380952,0.142857143,-0.029601524,-0.023440586
CAD_JPY,TRY_JPY,False,5327,change,False,False,1.000000000,20,1,15,264,0.263357103,3.713327137,1.152348362,55.303030303,60.000000000,-7.011742340,2,2,1.000000000,0.110731255,-0.287282234,0.500000000,0.000000000,1,0,40,0.500000000,0.025000000,-0.028904535,-0.026691065
CAD_JPY,UK100_Futures,False,78,sma,False,False,1.000000000,20,1,50,224,0.597008582,3.155022371,2.832057980,55.803571429,60.000000000,-6.565223520,2,2,1.000000000,1.105638456,0.385850828,1.000000000,0.500000000,3,1,42,0.500000000,0.214285714,-0.030195027,-0.033857855
CAD_JPY,US30_Futures,False,2059,stoch,False,False,30.000000000,20,1,15,223,0.389089454,3.579420415,1.623264088,54.708520179,71.428571429,-5.499231040,2,2,1.000000000,0.590130278,-0.182942665,0.500000000,0.500000000,4,0,40,0.500000000,0.175000000,-0.027569835,-0.026438178
CAD_JPY,USD_CAD,False,6629,bb,False,False,1.500000000,20,1,15,229,0.251332660,3.699644606,1.028032066,54.585152838,66.666666667,-12.733742360,8,8,1.000000000,0.359759887,-0.191409169,0.625000000,0.000000000,1,0,40,0.500000000,0.025000000,-0.026588940,-0.027948645
CAD_JPY,USD_CHF,False,10299,change,True,False,1.000000000,20,1,50,214,0.192815124,3.669271477,0.768719923,50.467289720,53.333333333,-10.034158315,2,2,1.000000000,0.462993185,0.173823817,1.000000000,0.000000000,0,0,42,0.500000000,0.000000000,-0.027628508,-0.030351182
CAD_JPY,USD_JPY,False,3680,stoch,False,False,30.000000000,20,1,10,263,0.285407206,3.453692740,1.340167589,55.133079848,73.333333333,-15.093839680,1,1,1.000000000,1.027372280,1.027372280,1.000000000,1.000000000,3,0,38,0.500000000,0.105263158,-0.027943070,-0.028842060
CAD_JPY,USSPX500_Futures,False,510,bb,False,False,1.000000000,20,1,200,150,0.568130218,3.203180863,2.172261262,58.000000000,60.000000000,-6.008393980,3,3,1.000000000,0.717582668,0.535896307,1.000000000,0.333333333,5,1,44,0.500000000,0.295454545,-0.029483671,-0.030657226
CAD_JPY,ZAR_JPY,False,10703,stoch,False,False,30.000000000,20,1,50,152,0.211800108,3.499226605,0.746235497,53.289473684,53.333333333,-14.891982480,2,2,1.000000000,0.134804957,-0.359916773,0.500000000,0.000000000,0,0,40,0.475000000,0.000000000,-0.029577393,-0.025642659
CHF_JPY,AUD_JPY,False,7415,change,False,False,1.000000000,20,1,50,225,0.211037542,3.278489822,0.965555273,52.888888889,60.000000000,-18.649191292,2,2,1.000000000,0.588824419,0.308053000,1.000000000,0.000000000,0,0,40,0.500000000,0.000000000,-0.040140141,-0.043488944
CHF_JPY,AUD_NZD,False,1480,change,False,False,1.000000000,20,1,50,206,0.383713607,3.115883812,1.767500539,53.883495146,66.666666667,-21.565150564,2,2,1.000000000,0.060831892,0.039418626,1.000000000,0.000000000,4,0,42,0.452380952,0.166666667,-0.038797566,-0.041503339
CHF_JPY,AUD_USD,False,3990,sma,False,False,1.000000000,20,1,100,204,0.273039069,3.008255314,1.296358697,54.411764706,66.666666667,-21.467371200,2,2,1.000000000,0.976311959,0.871961269,1.000000000,0.500000000,3,0,40,0.475000000,0.125000000,-0.041646086,-0.044743157
CHF_JPY,CAD_JPY,False,6994,bb,True,False,1.500000000,20,1,15,211,0.203363077,2.962193618,0.997240457,54.502369668,66.666666667,-10.521510280,8,8,1.000000000,-0.037982760,-0.894873175,0.625000000,0.000000000,0,0,40,0.450000000,0.000000000,-0.040590845,-0.040629398
CHF_JPY,CBOE_Volatility_Index,False,275,stoch,True,False,30.000000000,20,1,50,184,0.532098903,2.994736720,2.410141980,51.630434783,93.333333333,-5.574070272,2,2,1.000000000,1.571268856,0.837993156,1.000000000,0.500000000,3,1,42,0.476190476,0.119047619,-0.044102763,-0.048105392
CHF_JPY,CHF_JPY,True,2927,di,True,False,20.000000000,20,1,10,194,0.331109323,3.172014866,1.453908449,55.154639175,80.000000000,-9.656172164,1,1,1.000000000,1.653334905,1.653334905,1.000000000,1.000000000,2,0,40,0.450000000,0.050000000,-0.041524419,-0.040007304
CHF_JPY,COPPER_USD,False,3447,bb,False,False,1.000000000,20,1,100,164,0.351295421,3.276209308,1.373165153,54.268292683,60.000000000,-9.782539988,5,5,1.000000000,1.083789640,0.840759481,1.000000000,0.400000000,3,0,40,0.500000000,0.075000000,-0.043288968,-0.047728144
CHF_JPY,EUR_AUD,False,2149,stoch,True,False,30.000000000,20,1,50,155,0.379823538,2.950441847,1.602731100,56.129032258,66.666666667,-10.044645908,2,2,1.000000000,0.101676686,-0.094938627,0.500000000,0.000000000,2,0,42,0.500000000,0.071428571,-0.040661476,-0.038958565
CHF_JPY,EUR_CHF,False,3812,bb,False,False,1.500000000,20,1,15,217,0.265035611,2.957632416,1.320048538,52.534562212,53.333333333,-6.103078024,8,8,1.000000000,0.401303719,-0.050712396,0.875000000,0.125000000,1,0,20,0.500000000,0.050000000,-0.040583079,-0.046503401
CHF_JPY,EUR_GBP,False,4440,change,True,False,1.000000000,20,1,200,191,0.287095767,3.186895624,1.245018009,48.691099476,73.333333333,-7.957804140,1,1,1.000000000,-0.155349838,-0.155349838,0.000000000,0.000000000,3,0,40,0.475000000,0.125000000,-0.039231184,-0.046993889
CHF_JPY,EUR_JPY,False,9100,change,False,False,1.000000000,20,1,100,210,0.185453673,3.172612816,0.847086991,49.047619048,60.000000000,-5.817281492,2,2,1.000000000,0.449765894,0.270156132,1.000000000,0.000000000,0,0,42,0.500000000,0.000000000,-0.039294653,-0.039808035
CHF_JPY,EUR_NZD,False,2948,stoch,True,False,30.000000000,20,1,50,174,0.345206034,3.142218235,1.449161069,51.149425287,66.666666667,-10.205175128,2,2,1.000000000,0.784989045,0.564784307,1.000000000,0.500000000,1,0,42,0.500000000,0.023809524,-0.040349175,-0.043118715
CHF_JPY,EUR_USD,False,2309,change,False,False,1.000000000,20,1,100,200,0.344824127,3.108129362,1.568966087,54.000000000,66.666666667,-17.447133780,2,2,1.000000000,-0.076322393,-0.484626124,0.500000000,0.000000000,2,0,38,0.473684211,0.052631579,-0.040501964,-0.042962108
CHF_JPY,GBP_AUD,False,1959,bb,True,False,1.000000000,20,1,50,187,0.369886805,3.074018762,1.645444082,54.010695187,66.666666667,-12.945501972,5,5,1.000000000,0.958749843,0.180523202,1.000000000,0.400000000,3,0,40,0.500000000,0.100000000,-0.040348178,-0.039522180
CHF_JPY,GBP_CHF,False,2258,change,False,False,1.000000000,20,1,200,192,0.351971695,3.088437617,1.579135949,58.854166667,73.333333333,-5.951136540,1,1,1.000000000,0.183758164,0.183758164,1.000000000,0.000000000,2,0,40,0.475000000,0.050000000,-0.039298670,-0.035858046
CHF_JPY,GBP_JPY,False,4759,bb,True,False,2.000000000,20,1,15,152,0.330626080,3.372671141,1.208606446,52.631578947,73.333333333,-16.680469472,8,7,0.875000000,0.571034291,-0.124270367,0.625000000,0.250000000,1,0,42,0.452380952,0.023809524,-0.039655341,-0.042664627
CHF_JPY,GBP_USD,False,2798,bb,True,False,1.000000000,20,1,50,184,0.337534723,3.090215514,1.481626032,57.608695652,60.000000000,-19.340440216,5,5,1.000000000,0.929158133,0.577023709,1.000000000,0.400000000,1,0,42,0.476190476,0.047619048,-0.039815379,-0.040860033
CHF_JPY,GOLD_USD,False,4238,sma,False,False,1.000000000,20,1,200,197,0.316058321,3.498746004,1.267908538,55.329949239,66.666666667,-14.838111924,1,1,1.000000000,-0.034800316,-0.034800316,0.000000000,0.000000000,2,0,40,0.475000000,0.050000000,-0.040881311,-0.038892773
CHF_JPY,NQ100_Futures,False,928,bb,False,False,1.500000000,20,1,15,221,0.400474503,3.036608474,1.960569348,52.488687783,80.000000000,-12.342668700,8,8,1.000000000,0.771049338,0.451738915,1.000000000,0.125000000,4,0,40,0.500000000,0.125000000,-0.041568862,-0.047673808
CHF_JPY,NZD_JPY,False,5066,change,False,False,1.000000000,20,1,50,226,0.247082284,3.156526121,1.176756050,52.212389381,60.000000000,-15.271786548,2,2,1.000000000,0.058636340,-0.070857645,0.500000000,0.000000000,1,0,40,0.475000000,0.050000000,-0.041813370,-0.045006409
CHF_JPY,NZD_USD,False,14019,stoch,False,False,30.000000000,20,1,50,164,0.135702576,3.064259630,0.567132395,51.829268293,46.666666667,-14.888711864,2,2,1.000000000,0.329053435,0.290085782,1.000000000,0.000000000,0,0,40,0.500000000,0.000000000,-0.041406130,-0.041603236
CHF_JPY,OIL_USD,False,6718,bb,True,False,1.500000000,20,1,10,241,0.205385920,3.123531389,1.020782733,51.867219917,46.666666667,-11.726049856,5,5,1.000000000,0.573793744,0.208487221,1.000000000,0.000000000,1,0,40,0.475000000,0.025000000,-0.042796794,-0.036607926
CHF_JPY,SILVER_USD,False,508,change,False,False,1.000000000,20,1,100,227,0.436006795,3.020034163,2.175175640,57.268722467,73.333333333,-23.325255720,2,2,1.000000000,-0.050928669,-0.133923191,0.500000000,0.000000000,3,1,42,0.452380952,0.142857143,-0.041998106,-0.040548153
CHF_JPY,TRY_JPY,False,2594,sma,True,False,1.000000000,20,1,200,200,0.372736565,3.484093177,1.512959264,56.500000000,73.333333333,-16.634658012,1,1,1.000000000,0.423902397,0.423902397,1.000000000,0.000000000,2,0,40,0.475000000,0.050000000,-0.041573546,-0.038269343
CHF_JPY,UK100_Futures,False,487,bb,False,False,1.000000000,20,1,100,165,0.528931102,3.107345767,2.186510139,58.787878788,60.000000000,-6.803608500,5,5,1.000000000,1.687923442,1.271375261,1.000000000,1.000000000,4,1,42,0.452380952,0.214285714,-0.041678088,-0.045538186
CHF_JPY,US30_Futures,False,1162,sma,False,False,1.000000000,20,1,100,194,0.393855240,2.932346688,1.870777672,55.154639175,71.428571429,-6.924589480,2,2,1.000000000,1.326666900,1.148606808,1.000000000,1.000000000,4,0,40,0.500000000,0.275000000,-0.038993565,-0.042370674
CHF_JPY,USD_CAD,False,7694,change,True,False,1.000000000,20,1,200,192,0.202064435,2.961175042,0.945532397,56.250000000,73.333333333,-16.154112012,1,1,1.000000000,0.474402982,0.474402982,1.000000000,0.000000000,0,0,40,0.500000000,0.000000000,-0.041023966,-0.044002942
CHF_JPY,USD_CHF,False,5855,sma,False,False,1.000000000,20,1,15,234,0.227097861,3.161904173,1.098682656,51.282051282,46.666666667,-10.257194188,2,2,1.000000000,0.765048504,0.612464941,1.000000000,0.000000000,2,0,42,0.476190476,0.047619048,-0.040890267,-0.033574122
CHF_JPY,USD_JPY,False,5737,change,False,False,1.000000000,20,1,10,248,0.239699177,3.398994110,1.110559860,50.403225806,60.000000000,-12.501423924,1,1,1.000000000,0.214696745,0.214696745,1.000000000,0.000000000,1,0,38,0.473684211,0.026315789,-0.039398048,-0.039419462
CHF_JPY,USSPX500_Futures,False,486,bb,False,False,1.000000000,20,1,200,150,0.585595522,3.279498203,2.186935526,58.000000000,60.000000000,-12.962490072,3,3,1.000000000,1.352793122,1.229396111,1.000000000,1.000000000,5,1,44,0.500000000,0.250000000,-0.040740623,-0.043981536
CHF_JPY,ZAR_JPY,False,4867,bb,True,False,1.000000000,20,1,15,261,0.217064786,2.929462998,1.197075689,50.191570881,66.666666667,-11.712019896,5,5,1.000000000,0.398606187,-0.486121389,0.800000000,0.000000000,1,0,40,0.450000000,0.025000000,-0.042354768,-0.038171307
COPPER_USD,AUD_JPY,False,43687,di,False,False,20.000000000,20,1,10,186,-0.372514290,8.216531307,-0.618316584,44.623655914,40.000000000,-1.608500000,1,1,1.000000000,-1.621975817,-1.621975817,0.000000000,0.000000000,0,0,40,0.000000000,0.000000000,-2.037136165,-2.023200337
COPPER_USD,AUD_NZD,False,27078,sma,False,False,1.000000000,20,1,200,176,0.012131995,9.434586494,0.017059477,45.454545455,40.000000000,-1.442500000,1,1,1.000000000,-0.454267953,-0.454267953,0.000000000,0.000000000,0,0,40,0.025000000,0.000000000,-1.909037581,-1.966247721
COPPER_USD,AUD_USD,False,42774,bb,False,False,1.000000000,20,1,100,150,-0.410648859,8.667276076,-0.580274679,46.666666667,40.000000000,-2.755500000,5,5,1.000000000,-0.845473864,-1.918335486,0.200000000,0.000000000,0,0,40,0.000000000,0.000000000,-1.964887214,-1.869077186
COPPER_USD,CAD_JPY,False,20233,stoch,False,False,30.000000000,20,1,50,157,0.188717881,8.189013823,0.288756171,49.681528662,53.333333333,-0.791000000,2,2,1.000000000,-2.068339914,-2.262068374,0.000000000,0.000000000,0,0,40,0.025000000,0.000000000,-2.012179110,-1.930025099
COPPER_USD,CBOE_Volatility_Index,False,24324,stoch,True,False,30.000000000,20,1,50,177,0.070913331,7.672911837,0.122957299,49.717514124,40.000000000,-0.917000000,2,2,1.000000000,-0.728663383,-1.491391236,0.500000000,0.000000000,0,0,42,0.047619048,0.000000000,-2.202038673,-2.255621064
COPPER_USD,CHF_JPY,False,42317,bb,False,False,1.500000000,20,1,15,225,-0.312675088,8.363682077,-0.560772908,49.333333333,33.333333333,-1.227500000,8,8,1.000000000,-0.975066838,-1.700510223,0.125000000,0.000000000,0,0,40,0.000000000,0.000000000,-2.025597864,-1.879507836
COPPER_USD,COPPER_USD,True,16148,stoch,False,False,30.000000000,20,1,50,160,0.308759087,8.419814590,0.463849627,46.250000000,40.000000000,-0.811000000,2,2,1.000000000,-0.844565403,-1.481465679,0.000000000,0.000000000,0,0,40,0.075000000,0.000000000,-2.167860816,-2.339807867
COPPER_USD,EUR_AUD,False,45132,stoch,True,False,30.000000000,20,1,50,154,-0.419615535,7.643007908,-0.681314466,48.701298701,40.000000000,-1.351000000,2,2,1.000000000,-0.997285763,-1.641028702,0.000000000,0.000000000,0,0,42,0.000000000,0.000000000,-2.028853784,-2.219635182
COPPER_USD,EUR_CHF,False,20374,change,False,False,1.000000000,20,1,100,153,0.200581944,8.776067453,0.282707675,49.673202614,40.000000000,-0.825000000,2,2,1.000000000,-0.902968189,-1.088846540,0.000000000,0.000000000,0,0,18,0.055555556,0.000000000,-2.000138793,-2.049311218
COPPER_USD,EUR_GBP,False,19718,sma,False,False,1.000000000,20,1,15,168,0.184132520,7.733716485,0.308600689,50.000000000,53.333333333,-0.368000000,2,2,1.000000000,-0.745493773,-1.437508012,0.000000000,0.000000000,0,0,40,0.050000000,0.000000000,-2.068590964,-1.946859716
COPPER_USD,EUR_JPY,False,29049,bb,False,False,1.500000000,20,1,15,211,-0.032117037,8.142278849,-0.057296847,51.184834123,46.666666667,-0.518000000,8,8,1.000000000,-1.057258179,-1.513134535,0.000000000,0.000000000,0,0,40,0.000000000,0.000000000,-2.008989318,-2.069394865
COPPER_USD,EUR_NZD,False,34798,sma,True,False,1.000000000,20,1,200,188,-0.169235817,8.616485342,-0.269302914,51.595744681,40.000000000,-2.201000000,1,1,1.000000000,-0.677008622,-0.677008622,0.000000000,0.000000000,0,0,40,0.000000000,0.000000000,-2.032772293,-2.149245934
COPPER_USD,EUR_USD,False,15510,sma,False,False,1.000000000,20,1,100,188,0.303084510,8.394339405,0.495058066,49.468085106,46.666666667,-0.934500000,2,2,1.000000000,-0.907542322,-1.047756902,0.000000000,0.000000000,0,0,38,0.026315789,0.000000000,-2.039116346,-2.069838532
COPPER_USD,GBP_AUD,False,17661,bb,True,False,1.000000000,20,1,100,153,0.275877418,8.604399570,0.396589579,49.673202614,46.666666667,-1.386500000,5,5,1.000000000,0.011687710,-0.781237868,0.800000000,0.000000000,0,0,40,0.025000000,0.000000000,-2.010406900,-1.915694136
COPPER_USD,GBP_CHF,False,34832,sma,True,False,1.000000000,20,1,15,185,-0.161341959,8.114140845,-0.270452281,48.108108108,60.000000000,-1.725500000,2,2,1.000000000,-1.372111578,-1.853827517,0.000000000,0.000000000,0,0,38,0.000000000,0.000000000,-2.063387274,-1.973098131
COPPER_USD,GBP_JPY,False,52202,bb,True,False,1.000000000,20,1,100,151,-0.718162792,8.584644638,-1.027990383,51.655629139,53.333333333,-1.268500000,5,5,1.000000000,-1.602190540,-2.519177729,0.000000000,0.000000000,0,0,42,0.000000000,0.000000000,-2.116672870,-2.019549971
COPPER_USD,GBP_USD,False,52027,change,False,False,1.000000000,20,1,100,191,-0.638259413,8.667581943,-1.017691052,42.931937173,46.666666667,-1.284000000,2,2,1.000000000,-1.708377074,-1.741179905,0.000000000,0.000000000,0,0,40,0.000000000,0.000000000,-1.975038991,-2.062271529
COPPER_USD,GOLD_USD,False,3760,sma,False,False,1.000000000,20,1,200,192,0.768732784,8.020746783,1.328040169,57.812500000,73.333333333,-1.598000000,1,1,1.000000000,-0.277540705,-0.277540705,0.000000000,0.000000000,1,0,36,0.083333333,0.027777778,-2.129132317,-2.280824369
COPPER_USD,NQ100_Futures,False,32655,sma,False,False,1.000000000,20,1,100,208,-0.109588055,8.282075621,-0.190833975,47.596153846,40.000000000,-1.106500000,2,2,1.000000000,-0.959732989,-1.211960003,0.000000000,0.000000000,0,0,40,0.000000000,0.000000000,-2.119615499,-2.176072251
COPPER_USD,NZD_JPY,False,48879,di,False,False,20.000000000,20,1,10,179,-0.529944552,8.321599244,-0.852020708,47.486033520,33.333333333,-1.176000000,1,1,1.000000000,-0.519830719,-0.519830719,0.000000000,0.000000000,0,0,40,0.000000000,0.000000000,-2.047717694,-2.115434573
COPPER_USD,NZD_USD,False,28224,bb,False,False,1.000000000,20,1,100,154,-0.018090764,8.292025838,-0.027074262,53.246753247,53.333333333,-2.217500000,5,5,1.000000000,-0.821250594,-1.486644212,0.000000000,0.000000000,0,0,40,0.000000000,0.000000000,-1.943665075,-1.978712955
COPPER_USD,OIL_USD,False,19414,stoch,False,False,30.000000000,20,1,50,166,0.195646057,7.833741375,0.321777678,49.397590361,46.666666667,-0.778000000,2,2,1.000000000,-0.412878252,-1.247233593,0.500000000,0.000000000,0,0,40,0.050000000,0.000000000,-2.146755362,-2.235726488
COPPER_USD,SILVER_USD,False,19087,change,False,False,1.000000000,20,1,100,223,0.181540104,8.085843026,0.335273869,49.775784753,46.666666667,-1.120000000,2,2,1.000000000,-0.658200599,-0.692353450,0.000000000,0.000000000,0,0,36,0.027777778,0.000000000,-2.187877913,-2.368592275
COPPER_USD,TRY_JPY,False,28890,change,False,False,1.000000000,20,1,200,196,-0.029618055,8.025485204,-0.051667003,47.448979592,40.000000000,-2.167000000,1,1,1.000000000,-2.520980880,-2.520980880,0.000000000,0.000000000,0,0,40,0.000000000,0.000000000,-2.042700299,-2.131147521
COPPER_USD,UK100_Futures,False,13163,bb,False,False,1.000000000,20,1,100,162,0.386236197,8.069276395,0.609222435,50.617283951,60.000000000,-0.876000000,5,5,1.000000000,0.265833285,-0.750726277,0.600000000,0.200000000,0,0,40,0.050000000,0.000000000,-2.118031480,-2.360744378
COPPER_USD,US30_Futures,False,23742,stoch,False,False,30.000000000,20,1,50,153,0.094860081,8.048594104,0.145783772,50.980392157,35.714285714,-0.971500000,2,2,1.000000000,-0.753718362,-1.092822034,0.000000000,0.000000000,0,0,40,0.025000000,0.000000000,-1.678970071,-1.899071453
COPPER_USD,USD_CAD,False,14482,change,True,False,1.000000000,20,1,100,193,0.324176586,8.267583299,0.544730534,49.222797927,53.333333333,-1.641500000,2,2,1.000000000,-0.450891602,-0.765029967,0.000000000,0.000000000,0,0,40,0.050000000,0.000000000,-1.925031266,-2.079666148
COPPER_USD,USD_CHF,False,37157,stoch,True,False,30.000000000,20,1,50,161,-0.236957051,8.429833326,-0.356667541,48.447204969,46.666666667,-0.830000000,2,2,1.000000000,-0.021600829,-0.508557022,0.500000000,0.000000000,0,0,38,0.000000000,0.000000000,-2.103201046,-2.087362834
COPPER_USD,USD_JPY,False,44940,change,True,False,1.000000000,20,1,100,206,-0.371266821,7.936915315,-0.671379388,46.601941748,53.333333333,-1.578000000,2,2,1.000000000,-1.636326088,-1.678116358,0.000000000,0.000000000,0,0,36,0.000000000,0.000000000,-2.123099109,-2.003802496
COPPER_USD,USSPX500_Futures,False,34249,stoch,False,False,30.000000000,20,1,50,166,-0.155874894,8.088746972,-0.248284132,49.397590361,40.000000000,-1.226500000,2,2,1.000000000,-0.656726542,-1.453804515,0.500000000,0.000000000,0,0,40,0.000000000,0.000000000,-2.063302800,-2.152942179
COPPER_USD,ZAR_JPY,False,40783,bb,False,False,1.500000000,20,1,10,234,-0.254038630,7.811271711,-0.497491821,50.000000000,33.333333333,-1.360500000,5,5,1.000000000,-1.050631311,-1.755079072,0.200000000,0.000000000,0,0,38,0.000000000,0.000000000,-2.139936932,-2.259746705
EUR_AUD,AUD_JPY,False,2130,change,False,False,1.000000000,20,1,50,225,0.327913863,3.060708262,1.607048934,56.000000000,80.000000000,-0.105730447,2,2,1.000000000,0.429600425,0.330921867,1.000000000,0.000000000,2,0,40,0.500000000,0.075000000,-0.050435072,-0.052994605
EUR_AUD,AUD_NZD,False,3156,change,False,False,1.000000000,20,1,200,193,0.271115522,2.656125517,1.418026813,53.367875648,66.666666667,-0.258593675,1,1,1.000000000,0.177641632,0.177641632,1.000000000,0.000000000,2,0,42,0.452380952,0.047619048,-0.045256424,-0.049565466
EUR_AUD,AUD_USD,False,3365,change,False,False,1.000000000,20,1,50,229,0.263267745,2.879874337,1.383381160,50.218340611,66.666666667,-0.381886302,2,2,1.000000000,-0.079207647,-0.192490472,0.500000000,0.000000000,2,0,40,0.475000000,0.075000000,-0.050054137,-0.051700491
EUR_AUD,CAD_JPY,False,5697,sma,True,False,1.000000000,20,1,10,227,0.213531212,2.887604271,1.114131922,51.541850220,73.333333333,-0.217079779,1,1,1.000000000,0.378945433,0.378945433,1.000000000,0.000000000,2,0,40,0.450000000,0.050000000,-0.049733203,-0.054098218
EUR_AUD,CBOE_Volatility_Index,False,3889,stoch,False,False,30.000000000,20,1,15,251,0.221285617,2.677615992,1.309307799,53.386454183,73.333333333,-0.150863422,2,2,1.000000000,0.596935791,0.483167115,1.000000000,0.000000000,2,0,42,0.476190476,0.095238095,-0.054792547,-0.055211295
EUR_AUD,CHF_JPY,False,1054,di,False,False,20.000000000,20,1,10,194,0.392940198,2.862855276,1.911736055,56.185567010,60.000000000,-0.152740489,1,1,1.000000000,1.433544197,1.433544197,1.000000000,1.000000000,1,0,40,0.475000000,0.025000000,-0.047866211,-0.047409398
EUR_AUD,COPPER_USD,False,3644,stoch,True,False,30.000000000,20,1,50,162,0.293827203,2.780224766,1.345146545,56.172839506,60.000000000,-0.222898492,2,2,1.000000000,0.221055007,-0.349686613,0.500000000,0.000000000,2,0,40,0.450000000,0.050000000,-0.053221035,-0.041911963
EUR_AUD,EUR_AUD,True,1138,bb,True,False,2.000000000,20,1,15,157,0.411544593,2.743538186,1.879557934,56.050955414,73.333333333,-0.268039525,8,7,0.875000000,0.733083923,-0.121449141,0.750000000,0.375000000,2,0,42,0.476190476,0.119047619,-0.049329696,-0.054086078
EUR_AUD,EUR_CHF,False,6791,bb,False,False,1.000000000,20,1,50,179,0.223620701,2.944906031,1.015937705,53.072625698,60.000000000,-0.174055711,5,5,1.000000000,-0.044876177,-0.785515003,0.600000000,0.000000000,1,0,20,0.400000000,0.050000000,-0.046907484,-0.049644848
EUR_AUD,EUR_GBP,False,2555,sma,True,False,1.000000000,20,1,10,153,0.407807349,3.320020515,1.519357578,49.673202614,60.000000000,-0.094323952,1,1,1.000000000,1.369868072,1.369868072,1.000000000,1.000000000,3,0,40,0.500000000,0.150000000,-0.046028009,-0.044436477
EUR_AUD,EUR_JPY,False,2180,di,False,False,20.000000000,20,1,10,195,0.322443674,2.818706078,1.597428302,58.461538462,66.666666667,-0.142355218,1,1,1.000000000,1.254299660,1.254299660,1.000000000,1.000000000,1,0,42,0.500000000,0.023809524,-0.046638368,-0.047740327
EUR_AUD,EUR_NZD,False,2144,bb,True,False,2.000000000,20,1,15,151,0.370462684,2.838605948,1.603717373,58.940397351,53.333333333,-0.148407489,8,7,0.875000000,0.748367404,-0.410869731,0.750000000,0.375000000,3,0,42,0.500000000,0.095238095,-0.049351221,-0.046970899
EUR_AUD,EUR_USD,False,7083,sma,True,False,1.000000000,20,1,200,192,0.196187065,2.747419894,0.989454770,53.125000000,73.333333333,-0.239809847,1,1,1.000000000,0.755542980,0.755542980,1.000000000,0.000000000,0,0,38,0.447368421,0.000000000,-0.049006403,-0.054034122
EUR_AUD,GBP_AUD,False,2207,bb,False,False,1.000000000,20,1,10,278,0.249050029,2.608238466,1.592068317,53.237410072,73.333333333,-0.079097698,3,3,1.000000000,1.142593204,0.948333251,1.000000000,0.666666667,2,0,40,0.475000000,0.125000000,-0.049258028,-0.047902533
EUR_AUD,GBP_CHF,False,5183,di,False,False,20.000000000,20,1,10,186,0.258914833,3.027485833,1.166356421,48.387096774,66.666666667,-0.155720939,1,1,1.000000000,0.384659786,0.384659786,1.000000000,0.000000000,2,0,40,0.500000000,0.050000000,-0.046570403,-0.050132033
EUR_AUD,GBP_JPY,False,975,bb,False,False,2.000000000,20,1,15,152,0.477755044,3.033892265,1.941453172,58.552631579,80.000000000,-0.263983934,8,7,0.875000000,0.693751591,0.010880411,0.875000000,0.250000000,4,0,42,0.500000000,0.119047619,-0.046940721,-0.048272756
EUR_AUD,GBP_USD,False,2157,bb,False,False,1.500000000,20,1,10,239,0.301621056,2.911993895,1.601290573,55.230125523,80.000000000,-0.268683941,5,5,1.000000000,1.417965110,0.896725415,1.000000000,0.800000000,5,0,42,0.476190476,0.214285714,-0.048851117,-0.048105655
EUR_AUD,GOLD_USD,False,2687,sma,True,False,1.000000000,20,1,200,197,0.294530895,2.758378262,1.498684268,57.868020305,60.000000000,-0.140671544,1,1,1.000000000,0.543591818,0.543591818,1.000000000,0.000000000,3,0,40,0.500000000,0.075000000,-0.050194935,-0.057874587
EUR_AUD,NQ100_Futures,False,1868,bb,True,False,1.000000000,20,1,10,284,0.267783937,2.702652946,1.669757534,53.521126761,80.000000000,-0.077443758,3,3,1.000000000,0.163785546,-0.279140705,0.333333333,0.000000000,1,0,40,0.450000000,0.050000000,-0.052928261,-0.045340744
EUR_AUD,NZD_JPY,False,1891,change,False,False,1.000000000,20,1,50,226,0.331248130,2.990866342,1.664986244,56.637168142,60.000000000,-0.163039534,2,2,1.000000000,0.740194685,0.316087688,1.000000000,0.500000000,3,0,40,0.500000000,0.100000000,-0.051134256,-0.057666677
EUR_AUD,NZD_USD,False,8419,sma,True,False,1.000000000,20,1,200,195,0.173732479,2.715626818,0.893363559,55.384615385,60.000000000,-0.190848775,1,1,1.000000000,-0.677830354,-0.677830354,0.000000000,0.000000000,0,0,40,0.475000000,0.000000000,-0.050153706,-0.047939350
EUR_AUD,OIL_USD,False,1461,bb,True,False,1.000000000,20,1,100,162,0.401172285,2.881516298,1.772014816,58.024691358,80.000000000,-0.108819734,5,5,1.000000000,0.681681462,-0.250370453,0.600000000,0.600000000,2,0,40,0.475000000,0.100000000,-0.051571163,-0.059811601
EUR_AUD,SILVER_USD,False,2732,di,False,False,20.000000000,20,1,10,185,0.315275211,2.872968403,1.492604820,50.810810811,60.000000000,-0.135297889,1,1,1.000000000,1.316790101,1.316790101,1.000000000,1.000000000,3,0,42,0.476190476,0.095238095,-0.051283963,-0.054233191
EUR_AUD,TRY_JPY,False,4873,change,False,False,1.000000000,20,1,50,234,0.230836735,2.951060713,1.196560626,54.700854701,66.666666667,-0.121946869,2,2,1.000000000,-0.135909265,-0.329081947,0.500000000,0.000000000,1,0,40,0.475000000,0.025000000,-0.050308273,-0.054953367
EUR_AUD,UK100_Futures,False,3775,stoch,True,False,30.000000000,20,1,10,272,0.231209345,2.878334985,1.324794444,53.676470588,53.333333333,-0.088510384,1,1,1.000000000,0.982674671,0.982674671,1.000000000,0.000000000,2,0,42,0.500000000,0.095238095,-0.050649387,-0.042634576
EUR_AUD,US30_Futures,False,4189,stoch,True,False,30.000000000,20,1,15,223,0.232148148,2.721726942,1.273717462,50.672645740,71.428571429,-0.163227595,2,2,1.000000000,0.241616544,0.175863872,1.000000000,0.000000000,2,0,40,0.450000000,0.050000000,-0.050432538,-0.055205347
EUR_AUD,USD_CAD,False,3123,change,True,False,1.000000000,20,1,50,213,0.280913817,2.882381823,1.422366095,54.460093897,60.000000000,-0.132284933,2,2,1.000000000,0.093783181,-0.115462296,0.500000000,0.000000000,2,0,40,0.500000000,0.050000000,-0.048018574,-0.051448045
EUR_AUD,USD_CHF,False,1527,sma,False,False,1.000000000,20,1,100,198,0.341852683,2.739040070,1.756196884,54.545454545,73.333333333,-0.152087966,2,2,1.000000000,0.432486326,0.119606794,1.000000000,0.000000000,3,0,42,0.476190476,0.071428571,-0.049233348,-0.039802630
EUR_AUD,USD_JPY,False,1219,bb,False,False,1.000000000,20,1,100,153,0.438484623,2.929624655,1.851348173,61.437908497,80.000000000,-0.063017040,5,5,1.000000000,1.189246388,0.201285808,1.000000000,0.600000000,3,0,38,0.447368421,0.131578947,-0.049265463,-0.051279537
EUR_AUD,USSPX500_Futures,False,7053,bb,True,False,1.000000000,20,1,15,273,0.163400973,2.721323721,0.992100696,54.578754579,66.666666667,-0.164883633,5,5,1.000000000,0.447849197,0.102462946,1.000000000,0.000000000,0,0,44,0.477272727,0.000000000,-0.051570710,-0.044642080
EUR_AUD,ZAR_JPY,False,9389,bb,True,False,1.500000000,20,1,10,237,0.160945419,2.995407128,0.827174110,51.898734177,60.000000000,-0.266021005,5,5,1.000000000,-0.429408012,-1.516139565,0.000000000,0.000000000,0,0,40,0.450000000,0.000000000,-0.050623613,-0.048478076
EUR_CHF,AUD_JPY,False,2895,change,True,False,1.000000000,20,1,100,215,0.215419435,2.160990461,1.461676490,50.697674419,40.000000000,-0.112891123,2,2,1.000000000,0.262755956,-0.261986852,0.500000000,0.000000000,2,0,40,0.450000000,0.050000000,-0.076691317,-0.073695934
EUR_CHF,AUD_NZD,False,625,bb,False,False,2.000000000,20,1,15,150,0.318243788,1.857194630,2.098689284,49.333333333,73.333333333,-0.087149134,8,7,0.875000000,1.004655894,0.188707902,0.875000000,0.375000000,4,1,42,0.500000000,0.142857143,-0.079406176,-0.077906263
EUR_CHF,AUD_USD,False,711,bb,True,False,1.500000000,20,1,15,226,0.240655022,1.761007328,2.054414095,53.539823009,53.333333333,-0.040496212,8,8,1.000000000,0.663799927,-0.624195257,0.875000000,0.375000000,3,1,40,0.500000000,0.125000000,-0.082499308,-0.079126557
EUR_CHF,CAD_JPY,False,8443,sma,True,False,1.000000000,20,1,200,199,0.160053416,2.532101314,0.891682837,47.236180905,40.000000000,-0.117417464,1,1,1.000000000,0.395332625,0.395332625,1.000000000,0.000000000,0,0,40,0.375000000,0.000000000,-0.078427629,-0.091878035
EUR_CHF,CBOE_Volatility_Index,False,2763,bb,True,False,1.500000000,20,1,10,223,0.173658717,1.743469984,1.487423175,52.017937220,66.666666667,-0.060804693,5,5,1.000000000,0.133399937,-0.433799617,0.800000000,0.000000000,2,0,42,0.404761905,0.047619048,-0.086845027,-0.096195187
EUR_CHF,CHF_JPY,False,823,bb,False,False,1.000000000,20,1,50,186,0.242484748,1.649685355,2.004655637,56.451612903,66.666666667,-0.109339497,5,5,1.000000000,1.100167941,0.294182252,1.000000000,0.400000000,4,1,40,0.500000000,0.125000000,-0.085059464,-0.073370953
EUR_CHF,COPPER_USD,False,14018,sma,False,False,1.000000000,20,1,100,212,0.084198386,2.161135045,0.567269964,52.358490566,53.333333333,-0.111447922,2,2,1.000000000,0.031488570,-0.243120461,0.500000000,0.000000000,0,0,40,0.400000000,0.000000000,-0.086389508,-0.078464728
EUR_CHF,EUR_AUD,False,687,bb,False,False,1.500000000,20,1,10,229,0.229723791,1.684030404,2.064304636,55.895196507,86.666666667,-0.149125191,5,5,1.000000000,1.248671389,0.524448161,1.000000000,0.600000000,5,1,42,0.452380952,0.261904762,-0.076694159,-0.075335228
EUR_CHF,EUR_CHF,True,9563,change,False,False,1.000000000,20,1,200,175,0.125221534,2.030481075,0.815828926,53.142857143,53.333333333,-0.082887416,1,1,1.000000000,0.373355159,0.373355159,1.000000000,0.000000000,0,0,20,0.450000000,0.000000000,-0.080089183,-0.066865293
EUR_CHF,EUR_GBP,False,1408,bb,False,False,1.500000000,20,1,15,209,0.251045523,2.030357761,1.787528825,52.153110048,53.333333333,-0.073273344,8,8,1.000000000,0.787640080,0.377887537,1.000000000,0.375000000,5,0,40,0.450000000,0.175000000,-0.077697348,-0.075851469
EUR_CHF,EUR_JPY,False,5436,change,False,False,1.000000000,20,1,15,243,0.137269754,1.877249925,1.139871505,52.263374486,86.666666667,-0.023844728,2,2,1.000000000,0.311479437,0.030323217,1.000000000,0.000000000,1,0,42,0.476190476,0.023809524,-0.078973850,-0.074483719
EUR_CHF,EUR_NZD,False,1325,stoch,False,False,30.000000000,20,1,50,174,0.276429612,2.007941167,1.815968053,48.275862069,66.666666667,-0.035561687,2,2,1.000000000,0.855934061,0.222260306,1.000000000,0.500000000,5,0,42,0.476190476,0.333333333,-0.079921376,-0.080762058
EUR_CHF,EUR_USD,False,1618,di,False,False,20.000000000,20,1,10,188,0.206127202,1.633255067,1.730454632,54.255319149,73.333333333,-0.066226565,1,1,1.000000000,1.944921695,1.944921695,1.000000000,1.000000000,5,0,38,0.500000000,0.184210526,-0.081119030,-0.100496055
EUR_CHF,GBP_AUD,False,1125,bb,False,False,1.500000000,20,1,15,213,0.218310772,1.692853766,1.882112261,55.399061033,66.666666667,-0.055001553,8,8,1.000000000,1.238538065,0.491158701,1.000000000,0.750000000,4,0,40,0.500000000,0.250000000,-0.085249775,-0.070667734
EUR_CHF,GBP_CHF,False,2750,di,True,False,20.000000000,20,1,10,186,0.217034649,1.987176779,1.489529273,51.075268817,73.333333333,-0.100968882,1,1,1.000000000,0.943561993,0.943561993,1.000000000,0.000000000,5,0,40,0.500000000,0.275000000,-0.079225069,-0.079358457
EUR_CHF,GBP_JPY,False,5583,stoch,False,False,30.000000000,20,1,15,234,0.136960379,1.861362934,1.125568207,50.854700855,73.333333333,-0.106841912,2,2,1.000000000,0.242025985,0.104259654,1.000000000,0.000000000,2,0,42,0.452380952,0.071428571,-0.078478995,-0.079855642
EUR_CHF,GBP_USD,False,503,sma,False,False,1.000000000,20,1,100,195,0.282659221,1.810494714,2.180134073,57.948717949,80.000000000,-0.055863576,2,2,1.000000000,1.386248018,0.858627073,1.000000000,0.500000000,5,2,42,0.500000000,0.214285714,-0.080205281,-0.074914758
EUR_CHF,GOLD_USD,False,3235,bb,True,False,1.000000000,20,1,50,169,0.182544469,1.685869790,1.407628340,50.887573964,60.000000000,-0.055720422,5,5,1.000000000,0.031672732,-0.729746912,0.600000000,0.000000000,2,0,40,0.500000000,0.125000000,-0.079557694,-0.071840184
EUR_CHF,NQ100_Futures,False,7223,change,True,False,1.000000000,20,1,200,201,0.155719023,2.254142996,0.979395794,49.253731343,46.666666667,-0.103619001,1,1,1.000000000,0.587258256,0.587258256,1.000000000,0.000000000,0,0,40,0.475000000,0.000000000,-0.081300795,-0.086011198
EUR_CHF,NZD_JPY,False,2860,stoch,True,False,30.000000000,20,1,50,160,0.276587887,2.383103819,1.468081563,46.875000000,53.333333333,-0.059967808,2,2,1.000000000,0.395187617,0.093515645,1.000000000,0.000000000,4,0,40,0.400000000,0.125000000,-0.078520210,-0.087301614
EUR_CHF,NZD_USD,False,5287,bb,True,False,1.500000000,20,1,15,221,0.143264878,1.843419770,1.155344843,47.963800905,46.666666667,-0.088283325,8,8,1.000000000,0.444614399,-0.326971665,0.875000000,0.125000000,3,0,40,0.475000000,0.075000000,-0.084514973,-0.093999457
EUR_CHF,OIL_USD,False,4239,sma,True,False,1.000000000,20,1,200,212,0.186468036,2.141624554,1.267736489,51.886792453,60.000000000,-0.216722302,1,1,1.000000000,-0.246186379,-0.246186379,0.000000000,0.000000000,1,0,40,0.450000000,0.025000000,-0.087676994,-0.088686814
EUR_CHF,SILVER_USD,False,971,bb,True,False,1.500000000,20,1,10,232,0.247503036,1.940290187,1.942933047,51.293103448,73.333333333,-0.056048244,5,5,1.000000000,1.435173906,0.893583201,1.000000000,0.800000000,3,0,42,0.476190476,0.190476190,-0.083598531,-0.078554108
EUR_CHF,TRY_JPY,False,6106,di,False,False,20.000000000,20,1,10,170,0.132147721,1.600887962,1.076274867,52.941176471,66.666666667,-0.078841233,1,1,1.000000000,0.650642623,0.650642623,1.000000000,0.000000000,1,0,40,0.500000000,0.025000000,-0.084509158,-0.092891851
EUR_CHF,UK100_Futures,False,1845,bb,False,False,1.500000000,20,1,10,238,0.192675811,1.773666200,1.675883345,48.319327731,40.000000000,-0.110767614,5,5,1.000000000,-0.062400455,-1.343371859,0.400000000,0.000000000,3,0,42,0.500000000,0.071428571,-0.082608382,-0.083038198
EUR_CHF,US30_Futures,False,1905,stoch,True,False,30.000000000,20,1,50,161,0.277254983,2.116013377,1.662546840,45.962732919,50.000000000,-0.083113548,2,2,1.000000000,0.530092496,-0.068784883,0.500000000,0.500000000,4,0,40,0.450000000,0.150000000,-0.076541648,-0.080935678
EUR_CHF,USD_CAD,False,9028,di,False,False,20.000000000,20,1,10,185,0.115161833,1.836532980,0.852895263,47.567567568,60.000000000,-0.084454489,1,1,1.000000000,0.471415295,0.471415295,1.000000000,0.000000000,0,0,40,0.400000000,0.000000000,-0.081786081,-0.071909817
EUR_CHF,USD_CHF,False,1415,sma,True,False,1.000000000,20,1,200,194,0.246987401,1.926728841,1.785480314,57.216494845,66.666666667,-0.058543993,1,1,1.000000000,1.739851390,1.739851390,1.000000000,1.000000000,4,0,42,0.500000000,0.357142857,-0.083144887,-0.094243512
EUR_CHF,USD_JPY,False,3467,bb,True,False,1.000000000,20,1,50,179,0.247961573,2.419738542,1.371015788,55.865921788,60.000000000,-0.089714386,5,5,1.000000000,0.215708934,-0.815038574,0.600000000,0.000000000,2,0,38,0.473684211,0.052631579,-0.076242639,-0.077294742
EUR_CHF,USSPX500_Futures,False,2402,stoch,True,False,30.000000000,20,1,50,171,0.266977925,2.248690747,1.552543136,47.368421053,46.666666667,-0.083599400,2,2,1.000000000,0.181825566,-0.017720413,0.500000000,0.000000000,3,0,44,0.454545455,0.068181818,-0.077570033,-0.090346881
EUR_CHF,ZAR_JPY,False,3628,stoch,True,False,30.000000000,20,1,15,231,0.158413603,1.787450928,1.346989887,56.277056277,60.000000000,-0.237246109,2,2,1.000000000,-0.085054562,-0.113371510,0.000000000,0.000000000,2,0,40,0.400000000,0.050000000,-0.082003004,-0.092001069
EUR_GBP,AUD_JPY,False,3747,sma,True,False,1.000000000,20,1,50,220,0.184943345,2.062004156,1.330333457,52.727272727,66.666666667,-0.039473434,2,2,1.000000000,0.637575495,0.420798876,1.000000000,0.000000000,4,0,40,0.500000000,0.125000000,-0.095997742,-0.090409164
EUR_GBP,AUD_NZD,False,4744,sma,False,False,1.000000000,20,1,15,177,0.201480852,2.214188921,1.210614132,53.672316384,46.666666667,-0.044475319,2,2,1.000000000,0.553264822,0.364202154,1.000000000,0.000000000,2,0,42,0.476190476,0.071428571,-0.088843207,-0.088750402
EUR_GBP,AUD_USD,False,2757,bb,True,False,1.500000000,20,1,15,226,0.196282676,1.983126220,1.487941417,53.539823009,73.333333333,-0.039862145,8,8,1.000000000,0.863084224,-0.039788126,0.875000000,0.500000000,2,0,40,0.500000000,0.125000000,-0.094635053,-0.089211537
EUR_GBP,CAD_JPY,False,2885,sma,True,False,1.000000000,20,1,10,227,0.211307200,2.175444659,1.463454364,51.541850220,60.000000000,-0.062900196,1,1,1.000000000,1.011097088,1.011097088,1.000000000,1.000000000,3,0,40,0.425000000,0.175000000,-0.096375490,-0.105178806
EUR_GBP,CBOE_Volatility_Index,False,4601,stoch,False,False,30.000000000,20,1,50,184,0.197884487,2.187316126,1.227182368,53.260869565,60.000000000,-0.045137271,2,2,1.000000000,0.292353256,-0.211059402,0.500000000,0.000000000,1,0,42,0.404761905,0.023809524,-0.102691038,-0.080289426
EUR_GBP,CHF_JPY,False,2517,change,True,False,1.000000000,20,1,50,221,0.215517334,2.097761994,1.527292188,54.298642534,73.333333333,-0.061224274,2,2,1.000000000,1.278688639,1.130922413,1.000000000,1.000000000,2,0,40,0.450000000,0.100000000,-0.100525752,-0.082366110
EUR_GBP,COPPER_USD,False,2349,di,True,False,20.000000000,20,1,10,200,0.218627839,1.980163002,1.561419211,55.000000000,60.000000000,-0.053213885,1,1,1.000000000,2.192975221,2.192975221,1.000000000,1.000000000,5,0,40,0.500000000,0.175000000,-0.096882094,-0.102746793
EUR_GBP,EUR_AUD,False,1705,bb,False,False,2.000000000,20,1,15,157,0.297212197,2.177125276,1.710539210,55.414012739,80.000000000,-0.070189687,8,7,0.875000000,-0.070094721,-1.128694350,0.500000000,0.000000000,1,0,42,0.452380952,0.023809524,-0.091252823,-0.086188197
EUR_GBP,EUR_CHF,False,12405,change,True,False,1.000000000,20,1,100,156,0.115437016,2.210501477,0.652253744,50.641025641,53.333333333,-0.073208427,2,2,1.000000000,0.754087542,-0.375938457,0.500000000,0.500000000,0,0,20,0.450000000,0.000000000,-0.097912390,-0.107985253
EUR_GBP,EUR_GBP,True,3421,bb,True,False,1.000000000,20,1,15,266,0.187940260,2.227792418,1.375896991,58.646616541,86.666666667,-0.071721550,5,5,1.000000000,0.470277727,0.068393487,1.000000000,0.200000000,1,0,40,0.475000000,0.050000000,-0.087354851,-0.088771262
EUR_GBP,EUR_JPY,False,4776,sma,True,False,1.000000000,20,1,50,206,0.188326777,2.240377365,1.206492172,50.970873786,60.000000000,-0.055413647,2,2,1.000000000,0.687507715,0.605922393,1.000000000,0.000000000,2,0,42,0.428571429,0.047619048,-0.099844399,-0.090799879
EUR_GBP,EUR_NZD,False,13580,bb,False,False,1.000000000,20,1,100,163,0.096926789,2.104887967,0.587907018,49.693251534,46.666666667,-0.057943686,5,5,1.000000000,0.130340589,-0.650473556,0.600000000,0.000000000,0,0,42,0.404761905,0.000000000,-0.098057768,-0.099572687
EUR_GBP,EUR_USD,False,2271,bb,True,False,1.500000000,20,1,10,234,0.207520392,2.013955434,1.576227321,56.410256410,80.000000000,-0.068529494,5,5,1.000000000,0.999761374,0.264386231,1.000000000,0.600000000,4,0,38,0.500000000,0.157894737,-0.096277309,-0.093544062
EUR_GBP,GBP_AUD,False,2390,di,False,False,20.000000000,20,1,10,184,0.262678590,2.292663955,1.554150905,54.891304348,73.333333333,-0.045748658,1,1,1.000000000,0.589163289,0.589163289,1.000000000,0.000000000,3,0,40,0.425000000,0.075000000,-0.090766565,-0.095503972
EUR_GBP,GBP_CHF,False,4340,change,False,False,1.000000000,20,1,15,239,0.178537040,2.195291138,1.257289116,56.066945607,80.000000000,-0.109053156,2,2,1.000000000,-0.126183432,-0.789733959,0.500000000,0.000000000,2,0,40,0.475000000,0.050000000,-0.089139699,-0.084325886
EUR_GBP,GBP_JPY,False,3658,sma,True,False,1.000000000,20,1,100,198,0.201182459,2.106970821,1.343582030,54.040404040,66.666666667,-0.054129152,2,2,1.000000000,0.261067987,0.241727732,1.000000000,0.000000000,1,0,42,0.452380952,0.023809524,-0.098753615,-0.094293040
EUR_GBP,GBP_USD,False,8471,di,False,False,20.000000000,20,1,10,192,0.139387335,2.170795213,0.889723524,52.083333333,60.000000000,-0.050180486,1,1,1.000000000,-0.146486162,-0.146486162,0.000000000,0.000000000,0,0,42,0.404761905,0.000000000,-0.090527605,-0.093731141
EUR_GBP,GOLD_USD,False,7982,sma,True,False,1.000000000,20,1,15,266,0.115962836,2.046461599,0.924178898,50.751879699,66.666666667,-0.086053821,2,2,1.000000000,-0.023672993,-0.255810845,0.500000000,0.000000000,0,0,40,0.375000000,0.000000000,-0.097835565,-0.083950881
EUR_GBP,NQ100_Futures,False,399,bb,True,False,1.000000000,20,1,50,186,0.367566393,2.210783139,2.267493887,57.526881720,80.000000000,-0.028888263,5,5,1.000000000,0.944997581,-0.699920355,0.800000000,0.600000000,5,2,40,0.500000000,0.200000000,-0.097280358,-0.095877112
EUR_GBP,NZD_JPY,False,6287,sma,True,False,1.000000000,20,1,200,199,0.153683776,2.046535757,1.059339639,55.276381910,53.333333333,-0.040096057,1,1,1.000000000,0.581833670,0.581833670,1.000000000,0.000000000,2,0,40,0.500000000,0.050000000,-0.101071071,-0.096453043
EUR_GBP,NZD_USD,False,5660,bb,True,False,1.500000000,20,1,15,221,0.141981955,1.889254705,1.117220189,51.583710407,66.666666667,-0.051797481,8,8,1.000000000,0.644288438,-0.262697166,0.875000000,0.250000000,2,0,40,0.425000000,0.050000000,-0.099879551,-0.105418453
EUR_GBP,OIL_USD,False,2746,stoch,True,False,30.000000000,20,1,50,171,0.236475934,2.075584567,1.489856951,52.046783626,60.000000000,-0.048420894,2,2,1.000000000,0.601583926,0.478275470,1.000000000,0.000000000,4,0,40,0.450000000,0.125000000,-0.100417337,-0.089734372
EUR_GBP,SILVER_USD,False,5263,bb,False,False,2.000000000,20,1,10,152,0.208644233,2.221201361,1.158084497,51.315789474,53.333333333,-0.034592113,5,4,0.800000000,-0.131403058,-0.393059681,0.200000000,0.000000000,1,0,42,0.476190476,0.023809524,-0.098851241,-0.098081659
EUR_GBP,TRY_JPY,False,1670,bb,True,False,1.000000000,20,1,100,159,0.285239477,2.094636469,1.717115596,56.603773585,60.000000000,-0.054458841,5,5,1.000000000,0.742599000,-0.024679376,0.800000000,0.200000000,4,0,40,0.475000000,0.125000000,-0.096941485,-0.080996954
EUR_GBP,UK100_Futures,False,519,stoch,True,False,30.000000000,20,1,50,163,0.375548219,2.210276921,2.169266056,53.374233129,73.333333333,-0.061087073,2,2,1.000000000,1.033781840,0.586168062,1.000000000,0.500000000,4,2,42,0.476190476,0.214285714,-0.094710937,-0.109555465
EUR_GBP,US30_Futures,False,759,stoch,True,False,30.000000000,20,1,50,161,0.333929063,2.079768085,2.037287155,59.006211180,64.285714286,-0.026371756,2,2,1.000000000,0.876414166,0.340723467,1.000000000,0.500000000,5,1,40,0.475000000,0.250000000,-0.088542965,-0.087815880
EUR_GBP,USD_CAD,False,3900,bb,False,False,1.500000000,20,1,15,229,0.182735873,2.114722813,1.307639716,51.965065502,66.666666667,-0.111152752,8,8,1.000000000,0.358027476,-0.628906451,0.750000000,0.250000000,2,0,40,0.450000000,0.075000000,-0.094179767,-0.085045242
EUR_GBP,USD_CHF,False,693,sma,False,False,1.000000000,20,1,15,234,0.271515422,2.013337388,2.062936558,53.846153846,80.000000000,-0.036601603,2,2,1.000000000,0.980712439,0.416736252,1.000000000,0.500000000,5,1,42,0.500000000,0.285714286,-0.098389849,-0.091876585
EUR_GBP,USD_JPY,False,5895,stoch,True,False,30.000000000,20,1,15,238,0.148171824,2.088145786,1.094695393,51.680672269,73.333333333,-0.023962646,2,2,1.000000000,0.510255721,0.462191296,1.000000000,0.000000000,4,0,38,0.500000000,0.105263158,-0.095836961,-0.087558374
EUR_GBP,USSPX500_Futures,False,392,bb,True,False,1.000000000,20,1,50,195,0.375965968,2.304591391,2.278095389,61.025641026,86.666666667,-0.038175082,5,5,1.000000000,1.057243174,-0.285766347,0.800000000,0.600000000,5,2,44,0.500000000,0.272727273,-0.094161694,-0.098088872
EUR_GBP,ZAR_JPY,False,2408,sma,True,False,1.000000000,20,1,50,237,0.213173634,2.116104810,1.550852474,52.742616034,66.666666667,-0.100360018,2,2,1.000000000,-0.024022006,-0.212706821,0.500000000,0.000000000,1,0,40,0.500000000,0.025000000,-0.097119248,-0.102464071
EUR_JPY,AUD_JPY,False,4916,change,False,False,1.000000000,20,1,50,225,0.261787076,3.293451531,1.192307251,53.777777778,60.000000000,-22.440483792,2,2,1.000000000,0.110593357,-0.107719904,0.500000000,0.000000000,1,0,40,0.500000000,0.025000000,-0.014396757,-0.013819379
EUR_JPY,AUD_NZD,False,239,change,False,False,1.000000000,20,1,50,206,0.524579292,3.047669436,2.470454690,55.339805825,73.333333333,-29.417312176,2,2,1.000000000,0.335434658,0.221645336,1.000000000,0.000000000,4,2,42,0.500000000,0.190476190,-0.013506944,-0.013505872
EUR_JPY,AUD_USD,False,4109,sma,False,False,1.000000000,20,1,100,204,0.312831295,3.485440279,1.281939800,52.450980392,60.000000000,-12.045042352,2,2,1.000000000,1.084716973,0.943521599,1.000000000,0.500000000,3,0,40,0.500000000,0.125000000,-0.014056649,-0.013260577
EUR_JPY,CAD_JPY,False,5746,bb,False,False,1.000000000,20,1,10,281,0.201736158,3.047718711,1.109588695,53.736654804,73.333333333,-14.752276016,3,3,1.000000000,-0.301494512,-0.987659823,0.333333333,0.000000000,1,0,40,0.450000000,0.025000000,-0.014161265,-0.013533804
EUR_JPY,CBOE_Volatility_Index,False,717,bb,True,False,1.000000000,20,1,100,166,0.532327974,3.340866014,2.052930632,54.819277108,80.000000000,-17.253866064,5,5,1.000000000,1.605170199,0.775158477,1.000000000,0.800000000,3,1,42,0.476190476,0.119047619,-0.015274805,-0.016639683
EUR_JPY,CHF_JPY,False,3620,stoch,False,False,30.000000000,20,1,50,159,0.315250091,2.947462292,1.348669467,54.088050314,53.333333333,-16.278765120,2,2,1.000000000,0.169667697,-0.598648877,0.500000000,0.000000000,1,0,40,0.500000000,0.025000000,-0.014370263,-0.013688277
EUR_JPY,COPPER_USD,False,2156,bb,False,False,1.000000000,20,1,100,164,0.388084923,3.103555258,1.601360873,57.317073171,73.333333333,-8.879427040,5,5,1.000000000,1.248713178,0.937621129,1.000000000,0.800000000,4,0,40,0.500000000,0.125000000,-0.014588611,-0.013189779
EUR_JPY,EUR_AUD,False,384,bb,False,False,2.000000000,20,1,15,157,0.545663002,2.990486901,2.286295858,58.598726115,80.000000000,-21.518348032,8,7,0.875000000,-0.112582752,-0.911407888,0.500000000,0.000000000,1,1,42,0.500000000,0.023809524,-0.014230602,-0.013612992
EUR_JPY,EUR_CHF,False,2444,bb,False,False,1.000000000,20,1,15,258,0.273817696,2.850197556,1.543108279,53.100775194,66.666666667,-5.533840160,5,5,1.000000000,0.328438707,-0.849817497,0.800000000,0.200000000,1,0,20,0.500000000,0.100000000,-0.014577962,-0.017604812
EUR_JPY,EUR_GBP,False,455,sma,False,False,1.000000000,20,1,15,172,0.581223611,3.451681602,2.208394945,56.976744186,60.000000000,-16.438238880,2,2,1.000000000,1.348295113,1.284876353,1.000000000,1.000000000,5,2,40,0.500000000,0.250000000,-0.013609783,-0.016724418
EUR_JPY,EUR_JPY,True,6613,change,False,False,1.000000000,20,1,200,198,0.230910911,3.155809453,1.029594650,55.555555556,66.666666667,-19.453357392,1,1,1.000000000,0.645334302,0.645334302,1.000000000,0.000000000,1,0,42,0.500000000,0.023809524,-0.014132417,-0.015605199
EUR_JPY,EUR_NZD,False,4840,bb,False,False,1.000000000,20,1,10,291,0.219189396,3.115638937,1.200104077,52.577319588,60.000000000,-12.609333232,3,3,1.000000000,0.180911747,-0.098726883,0.666666667,0.000000000,1,0,42,0.500000000,0.023809524,-0.014129654,-0.015775647
EUR_JPY,EUR_USD,False,674,change,False,False,1.000000000,20,1,100,200,0.463954853,3.168322337,2.070910644,56.000000000,66.666666667,-10.719884784,2,2,1.000000000,0.348778638,-0.079996574,0.500000000,0.000000000,2,1,38,0.500000000,0.052631579,-0.014058510,-0.015684822
EUR_JPY,GBP_AUD,False,4310,bb,True,False,1.000000000,20,1,50,187,0.307130364,3.334154572,1.259673021,47.593582888,60.000000000,-22.705196944,5,5,1.000000000,0.415887364,-0.568378872,0.600000000,0.400000000,2,0,40,0.500000000,0.050000000,-0.013791280,-0.014169016
EUR_JPY,GBP_CHF,False,1020,sma,True,False,1.000000000,20,1,100,181,0.479066932,3.350848621,1.923448989,52.486187845,66.666666667,-21.134191280,2,2,1.000000000,0.740106166,-0.017142202,0.500000000,0.500000000,5,0,40,0.475000000,0.225000000,-0.013669549,-0.012329255
EUR_JPY,GBP_JPY,False,6395,sma,False,False,1.000000000,20,1,10,219,0.227325173,3.208092387,1.048631071,52.054794521,60.000000000,-11.090503600,1,1,1.000000000,0.633983716,0.633983716,1.000000000,0.000000000,2,0,42,0.500000000,0.047619048,-0.014268685,-0.012480696
EUR_JPY,GBP_USD,False,3069,change,False,False,1.000000000,20,1,100,198,0.330503913,3.248554090,1.431591460,54.545454545,66.666666667,-20.214440016,2,2,1.000000000,0.485917916,0.416770804,1.000000000,0.000000000,3,0,42,0.500000000,0.071428571,-0.013730067,-0.015361374
EUR_JPY,GOLD_USD,False,1708,sma,False,False,1.000000000,20,1,200,197,0.416386626,3.418625465,1.709536438,57.868020305,73.333333333,-11.965187696,1,1,1.000000000,-0.106416845,-0.106416845,0.000000000,0.000000000,2,0,40,0.500000000,0.075000000,-0.014151867,-0.012580741
EUR_JPY,NQ100_Futures,False,388,bb,False,False,1.500000000,20,1,15,221,0.499933146,3.254760796,2.283436783,53.393665158,80.000000000,-10.290271088,8,8,1.000000000,0.825229276,0.443582979,1.000000000,0.375000000,2,1,40,0.500000000,0.100000000,-0.014415947,-0.014514871
EUR_JPY,NZD_JPY,False,9326,sma,False,False,1.000000000,20,1,50,217,0.180743090,3.201406069,0.831669560,52.073732719,60.000000000,-30.275596512,2,2,1.000000000,0.064397436,-0.241140436,0.500000000,0.000000000,0,0,40,0.475000000,0.000000000,-0.014630195,-0.013357806
EUR_JPY,NZD_USD,False,10011,change,False,False,1.000000000,20,1,200,201,0.190802493,3.442586958,0.785773095,49.751243781,60.000000000,-28.089198448,1,1,1.000000000,0.209421196,0.209421196,1.000000000,0.000000000,0,0,40,0.500000000,0.000000000,-0.014084116,-0.014191721
EUR_JPY,OIL_USD,False,3218,bb,True,False,1.500000000,20,1,10,241,0.298637172,3.286826199,1.410508299,55.186721992,73.333333333,-16.819954752,5,5,1.000000000,0.660307334,0.330332994,1.000000000,0.000000000,2,0,40,0.500000000,0.050000000,-0.014504891,-0.015805681
EUR_JPY,SILVER_USD,False,127,change,False,False,1.000000000,20,1,100,227,0.539936372,3.004817937,2.707306022,60.352422907,73.333333333,-9.603679712,2,2,1.000000000,0.098169036,0.051425825,1.000000000,0.000000000,2,1,42,0.500000000,0.047619048,-0.014574713,-0.014686199
EUR_JPY,TRY_JPY,False,1183,sma,True,False,1.000000000,20,1,200,200,0.436839900,3.310783937,1.865977735,56.500000000,73.333333333,-7.987980528,1,1,1.000000000,0.302414879,0.302414879,1.000000000,0.000000000,3,0,40,0.500000000,0.075000000,-0.014482148,-0.015134930
EUR_JPY,UK100_Futures,False,1232,sma,False,False,1.000000000,20,1,50,224,0.394566958,3.197343898,1.846950995,54.910714286,66.666666667,-12.148176608,2,2,1.000000000,0.795689853,-0.076130079,0.500000000,0.500000000,2,0,42,0.476190476,0.119047619,-0.014298362,-0.015679066
EUR_JPY,US30_Futures,False,2574,stoch,False,False,30.000000000,20,1,10,248,0.302436439,3.141045254,1.516302193,50.403225806,92.857142857,-9.087651564,1,1,1.000000000,1.009685022,1.009685022,1.000000000,1.000000000,4,0,40,0.500000000,0.175000000,-0.013323816,-0.012213517
EUR_JPY,USD_CAD,False,5470,change,True,False,1.000000000,20,1,200,192,0.260982038,3.180661693,1.136956253,56.250000000,73.333333333,-20.575877792,1,1,1.000000000,0.474481017,0.474481017,1.000000000,0.000000000,1,0,40,0.500000000,0.050000000,-0.013643099,-0.012088927
EUR_JPY,USD_CHF,False,4516,change,True,False,1.000000000,20,1,100,209,0.263326832,3.076084516,1.237570628,55.023923445,73.333333333,-22.917542976,2,2,1.000000000,0.502316803,-0.042739204,0.500000000,0.500000000,3,0,42,0.476190476,0.095238095,-0.014188599,-0.015475604
EUR_JPY,USD_JPY,False,6056,bb,True,False,1.000000000,20,1,50,179,0.257023428,3.181822310,1.080745173,51.396648045,66.666666667,-17.031519552,5,5,1.000000000,0.221109143,-0.248868963,0.600000000,0.000000000,2,0,38,0.500000000,0.052631579,-0.014295408,-0.014203840
EUR_JPY,USSPX500_Futures,False,1897,bb,False,False,1.000000000,20,1,200,150,0.447672868,3.294262219,1.664363710,55.333333333,73.333333333,-30.431892544,3,3,1.000000000,0.582228317,0.345730047,1.000000000,0.000000000,2,0,44,0.477272727,0.068181818,-0.014083548,-0.012039985
EUR_JPY,ZAR_JPY,False,2464,sma,True,False,1.000000000,20,1,50,237,0.316203710,3.163235832,1.538897032,54.852320675,60.000000000,-11.531137584,2,2,1.000000000,0.377413582,0.203227506,1.000000000,0.000000000,3,0,40,0.475000000,0.075000000,-0.014728263,-0.015987204
EUR_NZD,AUD_JPY,False,6961,stoch,True,False,30.000000000,20,1,15,237,0.201015515,3.093700670,1.000288926,49.367088608,66.666666667,-0.140680000,2,2,1.000000000,0.294458316,0.117721345,1.000000000,0.000000000,1,0,40,0.450000000,0.025000000,-0.076514874,-0.069674101
EUR_NZD,AUD_NZD,False,6262,bb,True,False,2.000000000,20,1,15,150,0.247616150,2.854975417,1.062238954,50.000000000,73.333333333,-0.136420000,8,7,0.875000000,-0.677797876,-2.403917382,0.250000000,0.000000000,1,0,42,0.476190476,0.023809524,-0.072078448,-0.073412924
EUR_NZD,AUD_USD,False,4123,change,False,False,1.000000000,20,1,50,229,0.256433150,3.031839136,1.279928631,53.711790393,66.666666667,-0.148840000,2,2,1.000000000,-0.612661759,-0.728001311,0.000000000,0.000000000,1,0,40,0.450000000,0.050000000,-0.076133749,-0.080658462
EUR_NZD,CAD_JPY,False,5597,sma,True,False,1.000000000,20,1,10,227,0.227744195,3.053211974,1.123836900,53.303964758,53.333333333,-0.103660000,1,1,1.000000000,0.633800622,0.633800622,1.000000000,0.000000000,1,0,40,0.425000000,0.025000000,-0.077619936,-0.077025600
EUR_NZD,CBOE_Volatility_Index,False,2250,stoch,False,False,30.000000000,20,1,15,251,0.302580609,3.031752689,1.581190446,54.980079681,73.333333333,-0.240530000,2,2,1.000000000,0.643374796,0.267884067,1.000000000,0.500000000,3,0,42,0.428571429,0.095238095,-0.083757857,-0.073493188
EUR_NZD,CHF_JPY,False,2079,bb,True,False,1.500000000,20,1,15,228,0.331353817,3.091086086,1.618632668,52.192982456,53.333333333,-0.138430000,8,8,1.000000000,0.315077863,-0.359735915,0.875000000,0.000000000,2,0,40,0.450000000,0.050000000,-0.074401644,-0.071707571
EUR_NZD,COPPER_USD,False,8045,stoch,True,False,30.000000000,20,1,50,162,0.222995656,3.085600309,0.919844131,51.851851852,53.333333333,-0.183990000,2,2,1.000000000,-0.537756846,-0.673342250,0.000000000,0.000000000,0,0,40,0.475000000,0.000000000,-0.079753100,-0.086279597
EUR_NZD,EUR_AUD,False,891,bb,True,False,2.000000000,20,1,15,157,0.465431405,2.953986123,1.974226875,58.598726115,86.666666667,-0.192520000,8,7,0.875000000,0.609812284,0.004575592,0.875000000,0.125000000,4,0,42,0.476190476,0.119047619,-0.075610129,-0.074563763
EUR_NZD,EUR_CHF,False,8677,bb,True,False,1.500000000,20,1,15,217,0.185557482,3.119009712,0.876378288,53.917050691,60.000000000,-0.164630000,8,8,1.000000000,-0.531969522,-1.641030752,0.250000000,0.000000000,0,0,20,0.500000000,0.000000000,-0.073216136,-0.060734876
EUR_NZD,EUR_GBP,False,4532,sma,True,False,1.000000000,20,1,15,172,0.307201007,3.261346105,1.235349856,51.162790698,46.666666667,-0.244070000,2,2,1.000000000,0.656120737,0.136066133,1.000000000,0.500000000,3,0,40,0.475000000,0.100000000,-0.070700651,-0.062822070
EUR_NZD,EUR_JPY,False,1418,bb,True,False,1.000000000,20,1,15,259,0.363172307,3.276452659,1.783851546,54.440154440,73.333333333,-0.124400000,5,5,1.000000000,0.725857486,-0.424070260,0.800000000,0.600000000,4,0,42,0.452380952,0.214285714,-0.073305900,-0.072494240
EUR_NZD,EUR_NZD,True,992,bb,True,False,2.000000000,20,1,15,151,0.480288862,3.049177497,1.935567330,57.615894040,80.000000000,-0.224320000,8,7,0.875000000,0.639395239,0.003795417,0.875000000,0.250000000,4,0,42,0.452380952,0.142857143,-0.074298699,-0.069729598
EUR_NZD,EUR_USD,False,2741,sma,True,False,1.000000000,20,1,200,192,0.313003485,2.908688971,1.491085349,54.166666667,66.666666667,-0.180660000,1,1,1.000000000,0.388680321,0.388680321,1.000000000,0.000000000,2,0,38,0.500000000,0.078947368,-0.075969144,-0.071561778
EUR_NZD,GBP_AUD,False,8785,di,False,False,20.000000000,20,1,10,184,0.182481171,2.847034051,0.869429373,51.630434783,66.666666667,-0.213500000,1,1,1.000000000,-0.625522463,-0.625522463,0.000000000,0.000000000,0,0,40,0.400000000,0.000000000,-0.076879211,-0.063963536
EUR_NZD,GBP_CHF,False,3986,di,False,False,20.000000000,20,1,10,186,0.310677748,3.267167020,1.296866538,51.612903226,66.666666667,-0.191680000,1,1,1.000000000,0.772697372,0.772697372,1.000000000,0.000000000,1,0,40,0.450000000,0.025000000,-0.071928955,-0.061139182
EUR_NZD,GBP_JPY,False,3291,di,False,False,20.000000000,20,1,10,198,0.295737324,2.976486722,1.398088888,51.515151515,60.000000000,-0.176930000,1,1,1.000000000,1.284788779,1.284788779,1.000000000,1.000000000,2,0,42,0.452380952,0.047619048,-0.074453856,-0.076581072
EUR_NZD,GBP_USD,False,3719,bb,False,False,1.000000000,20,1,50,184,0.292703306,2.975602126,1.334325171,58.695652174,53.333333333,-0.274060000,5,5,1.000000000,0.634231463,0.151402454,1.000000000,0.200000000,3,0,42,0.500000000,0.119047619,-0.074831989,-0.068040599
EUR_NZD,GOLD_USD,False,5148,di,False,False,20.000000000,20,1,10,206,0.242352993,2.973936942,1.169634693,50.970873786,73.333333333,-0.237870000,1,1,1.000000000,0.879040838,0.879040838,1.000000000,0.000000000,1,0,40,0.375000000,0.025000000,-0.078021635,-0.077907824
EUR_NZD,NQ100_Futures,False,2260,di,True,False,20.000000000,20,1,10,188,0.334915658,2.909110997,1.578534524,56.382978723,73.333333333,-0.083300000,1,1,1.000000000,0.200136666,0.200136666,1.000000000,0.000000000,2,0,40,0.425000000,0.050000000,-0.080155854,-0.084798719
EUR_NZD,NZD_JPY,False,7434,change,True,False,1.000000000,20,1,10,272,0.174597338,2.987031994,0.964011457,53.308823529,73.333333333,-0.204800000,1,1,1.000000000,-0.971239123,-0.971239123,0.000000000,0.000000000,0,0,40,0.450000000,0.000000000,-0.077324041,-0.084623740
EUR_NZD,NZD_USD,False,11371,sma,False,False,1.000000000,20,1,10,250,0.137037862,3.061790182,0.707677115,50.000000000,53.333333333,-0.258530000,1,1,1.000000000,0.144129762,0.144129762,1.000000000,0.000000000,0,0,40,0.475000000,0.000000000,-0.077099375,-0.074437453
EUR_NZD,OIL_USD,False,4230,bb,True,False,1.000000000,20,1,100,162,0.300056245,3.009844995,1.268866839,60.493827160,66.666666667,-0.270300000,5,5,1.000000000,0.647589098,-0.139521544,0.600000000,0.400000000,2,0,40,0.425000000,0.050000000,-0.079521190,-0.080574001
EUR_NZD,SILVER_USD,False,2816,bb,False,False,2.000000000,20,1,10,152,0.363318962,3.029133001,1.478738964,53.289473684,73.333333333,-0.092330000,5,4,0.800000000,0.247495603,-0.372493381,0.400000000,0.000000000,1,0,42,0.452380952,0.023809524,-0.078053738,-0.076783907
EUR_NZD,TRY_JPY,False,9572,sma,True,False,1.000000000,20,1,15,259,0.152400665,3.007692320,0.815461265,52.123552124,66.666666667,-0.229830000,2,2,1.000000000,0.343820700,0.268109352,1.000000000,0.000000000,0,0,40,0.400000000,0.000000000,-0.079290763,-0.067863784
EUR_NZD,UK100_Futures,False,7945,stoch,True,False,30.000000000,20,1,10,272,0.170350593,3.033248226,0.926232787,50.735294118,60.000000000,-0.141110000,1,1,1.000000000,0.637727444,0.637727444,1.000000000,0.000000000,0,0,42,0.476190476,0.000000000,-0.076933248,-0.072555512
EUR_NZD,US30_Futures,False,7020,stoch,True,False,30.000000000,20,1,15,223,0.209257175,3.140147266,0.995136768,52.914798206,78.571428571,-0.117850000,2,2,1.000000000,0.381910801,0.194725392,1.000000000,0.000000000,0,0,40,0.425000000,0.000000000,-0.077074806,-0.076807032
EUR_NZD,USD_CAD,False,881,change,True,False,1.000000000,20,1,50,213,0.399888870,2.951952464,1.977059587,57.276995305,66.666666667,-0.132030000,2,2,1.000000000,0.404720075,-0.089261216,0.500000000,0.000000000,3,0,40,0.400000000,0.075000000,-0.074355272,-0.073015578
EUR_NZD,USD_CHF,False,3753,stoch,False,False,30.000000000,20,1,15,243,0.273387478,3.205414102,1.329528379,53.497942387,60.000000000,-0.228330000,2,2,1.000000000,0.760234205,0.651101096,1.000000000,0.000000000,2,0,42,0.476190476,0.047619048,-0.075220386,-0.063851120
EUR_NZD,USD_JPY,False,6530,change,False,False,1.000000000,20,1,200,192,0.221754150,2.964479314,1.036511075,53.645833333,66.666666667,-0.348260000,1,1,1.000000000,-0.282723257,-0.282723257,0.000000000,0.000000000,1,0,38,0.421052632,0.026315789,-0.075408333,-0.081797857
EUR_NZD,USSPX500_Futures,False,6129,di,True,False,20.000000000,20,1,10,186,0.226733765,2.878048205,1.074421295,53.225806452,66.666666667,-0.210670000,1,1,1.000000000,1.373801977,1.373801977,1.000000000,1.000000000,1,0,44,0.454545455,0.022727273,-0.078388908,-0.074593639
EUR_NZD,ZAR_JPY,False,2758,sma,True,False,1.000000000,20,1,50,237,0.293342373,3.035182954,1.487866959,50.632911392,53.333333333,-0.158830000,2,2,1.000000000,0.168288959,0.054980151,1.000000000,0.000000000,1,0,40,0.425000000,0.025000000,-0.077048760,-0.078245415
EUR_USD,AUD_JPY,False,4206,stoch,False,False,30.000000000,20,1,50,163,0.274169585,2.752340315,1.271776938,55.214723926,73.333333333,-0.284559011,2,2,1.000000000,-0.547811387,-1.204910711,0.500000000,0.000000000,2,0,40,0.500000000,0.075000000,-0.012564438,-0.013604838
EUR_USD,AUD_NZD,False,885,sma,False,False,1.000000000,20,1,50,186,0.422761430,2.918662291,1.975458830,56.989247312,80.000000000,-0.105772088,2,2,1.000000000,1.024575562,0.877035320,1.000000000,0.500000000,4,0,42,0.500000000,0.166666667,-0.012371084,-0.014144158
EUR_USD,AUD_USD,False,1787,bb,False,False,1.000000000,20,1,100,154,0.392572448,2.886458869,1.687775983,57.142857143,73.333333333,-0.182097416,5,5,1.000000000,1.537556962,0.883896108,1.000000000,0.800000000,3,0,40,0.500000000,0.125000000,-0.012566237,-0.014472198
EUR_USD,CAD_JPY,False,1508,stoch,False,False,30.000000000,20,1,50,159,0.378607956,2.712495036,1.760027062,57.861635220,73.333333333,-0.173762978,2,2,1.000000000,-0.382381130,-1.009191968,0.500000000,0.000000000,1,0,40,0.500000000,0.025000000,-0.012471975,-0.012413440
EUR_USD,CBOE_Volatility_Index,False,602,bb,True,False,1.000000000,20,1,100,166,0.450700323,2.749055433,2.112313699,58.433734940,80.000000000,-0.067150972,5,5,1.000000000,1.356727087,0.859714274,1.000000000,0.800000000,2,1,42,0.476190476,0.071428571,-0.013928426,-0.011121842
EUR_USD,CHF_JPY,False,371,stoch,False,False,30.000000000,20,1,50,159,0.499515016,2.742619463,2.296579885,54.716981132,80.000000000,-0.088312714,2,2,1.000000000,0.511865520,0.464242840,1.000000000,0.000000000,2,1,40,0.475000000,0.075000000,-0.012838955,-0.012702846
EUR_USD,COPPER_USD,False,2055,sma,False,False,1.000000000,20,1,100,212,0.304869558,2.732504787,1.624505029,54.716981132,66.666666667,-0.110020915,2,2,1.000000000,0.646103658,0.463644985,1.000000000,0.000000000,4,0,40,0.500000000,0.100000000,-0.013178069,-0.014256616
EUR_USD,EUR_AUD,False,5969,change,True,False,1.000000000,20,1,100,210,0.221101352,2.943917000,1.088367298,54.285714286,73.333333333,-0.167240994,2,2,1.000000000,-0.067987076,-0.520558584,0.500000000,0.000000000,1,0,42,0.500000000,0.023809524,-0.012378483,-0.011867512
EUR_USD,EUR_CHF,False,1436,bb,False,False,1.000000000,20,1,100,151,0.428035165,2.957520601,1.778443795,58.940397351,73.333333333,-0.155356617,5,5,1.000000000,1.190107644,0.666964930,1.000000000,0.800000000,2,0,20,0.500000000,0.200000000,-0.012593780,-0.010558572
EUR_USD,EUR_GBP,False,326,di,False,False,20.000000000,20,1,10,184,0.457548409,2.652341826,2.340003286,57.065217391,86.666666667,-0.034293077,1,1,1.000000000,0.828758279,0.828758279,1.000000000,0.000000000,5,2,40,0.500000000,0.375000000,-0.012386130,-0.011007416
EUR_USD,EUR_JPY,False,2961,stoch,False,False,30.000000000,20,1,50,162,0.301706663,2.653860516,1.446985957,54.320987654,66.666666667,-0.218341958,2,2,1.000000000,0.373101212,0.223439738,1.000000000,0.000000000,4,0,42,0.500000000,0.095238095,-0.012651211,-0.012709898
EUR_USD,EUR_NZD,False,3882,change,True,False,1.000000000,20,1,100,214,0.240591154,2.685918583,1.310369267,51.869158879,46.666666667,-0.198270832,2,2,1.000000000,0.331993578,0.015380249,1.000000000,0.000000000,3,0,42,0.500000000,0.071428571,-0.012961535,-0.012164213
EUR_USD,EUR_USD,True,1338,change,False,False,1.000000000,20,1,100,200,0.366099286,2.859145169,1.810829969,57.500000000,66.666666667,-0.064328824,2,2,1.000000000,0.530043904,0.517841649,1.000000000,0.000000000,3,0,38,0.500000000,0.105263158,-0.012865613,-0.012746932
EUR_USD,GBP_AUD,False,1265,bb,True,False,1.000000000,20,1,50,187,0.371495687,2.765917846,1.836687637,57.754010695,60.000000000,-0.170240585,5,5,1.000000000,1.104837177,-0.451775151,0.800000000,0.600000000,4,0,40,0.500000000,0.125000000,-0.012399089,-0.014570835
EUR_USD,GBP_CHF,False,224,stoch,True,False,30.000000000,20,1,50,151,0.554369457,2.735550128,2.490250817,56.291390728,80.000000000,-0.092770027,2,2,1.000000000,1.119358632,0.909009719,1.000000000,0.500000000,4,1,40,0.500000000,0.200000000,-0.012329166,-0.011746402
EUR_USD,GBP_JPY,False,4013,change,True,False,1.000000000,20,1,10,262,0.234574211,2.936161075,1.293156337,53.435114504,73.333333333,-0.045755531,1,1,1.000000000,0.535113245,0.535113245,1.000000000,0.000000000,4,0,42,0.500000000,0.119047619,-0.012400770,-0.011748636
EUR_USD,GBP_USD,False,1489,change,False,False,1.000000000,20,1,100,198,0.352179532,2.809032972,1.764167714,57.575757576,80.000000000,-0.112393383,2,2,1.000000000,0.679913761,0.555940288,1.000000000,0.000000000,1,0,42,0.476190476,0.023809524,-0.012358036,-0.011224860
EUR_USD,GOLD_USD,False,1007,change,False,False,1.000000000,20,1,100,217,0.362329253,2.767568149,1.928567933,51.612903226,73.333333333,-0.052510086,2,2,1.000000000,0.755650826,0.608212577,1.000000000,0.000000000,2,0,40,0.500000000,0.050000000,-0.013110266,-0.013889007
EUR_USD,NQ100_Futures,False,1565,bb,False,False,1.500000000,20,1,15,221,0.315966144,2.694357463,1.743337508,53.393665158,80.000000000,-0.194891697,8,8,1.000000000,0.374797393,-0.455162615,0.875000000,0.125000000,1,0,40,0.500000000,0.025000000,-0.013105824,-0.010587768
EUR_USD,NZD_JPY,False,4883,sma,False,False,1.000000000,20,1,50,217,0.248883789,3.066368877,1.195644521,53.917050691,66.666666667,-0.191549205,2,2,1.000000000,0.144885335,-0.322456957,0.500000000,0.000000000,3,0,40,0.500000000,0.075000000,-0.012807190,-0.013479619
EUR_USD,NZD_USD,False,2470,bb,False,False,1.000000000,20,1,50,185,0.307383691,2.718575669,1.537889954,55.675675676,80.000000000,-0.156832151,5,5,1.000000000,0.573240029,-0.437101331,0.600000000,0.400000000,4,0,40,0.500000000,0.125000000,-0.012830501,-0.014153181
EUR_USD,OIL_USD,False,2696,change,False,False,1.000000000,20,1,50,239,0.289057781,2.984275355,1.497423766,56.485355649,66.666666667,-0.176775986,2,2,1.000000000,0.402907228,0.165179569,1.000000000,0.000000000,3,0,40,0.500000000,0.075000000,-0.013097792,-0.014299136
EUR_USD,SILVER_USD,False,378,change,False,False,1.000000000,20,1,100,227,0.414567827,2.724159560,2.292851785,52.422907489,86.666666667,-0.089351046,2,2,1.000000000,0.636273423,0.315711853,1.000000000,0.000000000,4,1,42,0.500000000,0.142857143,-0.013368512,-0.011704471
EUR_USD,TRY_JPY,False,1045,bb,True,False,1.000000000,20,1,100,159,0.441068571,2.904569586,1.914797666,54.088050314,60.000000000,-0.091864899,5,5,1.000000000,1.145018146,0.218008557,1.000000000,0.800000000,4,0,40,0.500000000,0.200000000,-0.012700377,-0.014146720
EUR_USD,UK100_Futures,False,1385,bb,False,False,1.000000000,20,1,100,165,0.402672781,2.882110367,1.794666015,58.181818182,73.333333333,-0.134254854,5,5,1.000000000,0.898961360,0.299651194,1.000000000,0.600000000,3,0,42,0.500000000,0.142857143,-0.012944767,-0.013428947
EUR_USD,US30_Futures,False,7881,stoch,False,False,30.000000000,20,1,10,248,0.161925891,2.737641528,0.931462884,55.645161290,64.285714286,-0.119853324,1,1,1.000000000,-0.163992488,-0.163992488,0.000000000,0.000000000,0,0,40,0.475000000,0.000000000,-0.011784923,-0.011053328
EUR_USD,USD_CAD,False,961,change,True,False,1.000000000,20,1,200,192,0.387011498,2.752601337,1.948189352,57.291666667,66.666666667,-0.096044296,1,1,1.000000000,1.615260560,1.615260560,1.000000000,1.000000000,3,0,40,0.500000000,0.200000000,-0.012346470,-0.012978994
EUR_USD,USD_CHF,False,3486,stoch,True,False,30.000000000,20,1,50,163,0.306446867,2.858109854,1.368894791,52.760736196,60.000000000,-0.139713955,2,2,1.000000000,1.034051119,0.554878079,1.000000000,0.500000000,2,0,42,0.476190476,0.047619048,-0.012874521,-0.014300748
EUR_USD,USD_JPY,False,3070,bb,True,False,1.500000000,20,1,10,235,0.242828273,2.600496912,1.431452164,54.468085106,73.333333333,-0.158772188,5,5,1.000000000,0.246645676,-0.141807980,0.800000000,0.000000000,2,0,38,0.473684211,0.078947368,-0.012779827,-0.013346678
EUR_USD,USSPX500_Futures,False,9917,change,True,False,1.000000000,20,1,200,196,0.157518494,2.788298338,0.790897764,50.510204082,53.333333333,-0.232308945,1,1,1.000000000,-0.258267695,-0.258267695,0.000000000,0.000000000,0,0,44,0.500000000,0.000000000,-0.012695276,-0.012368861
EUR_USD,ZAR_JPY,False,7118,sma,True,False,1.000000000,20,1,50,237,0.179856455,2.805750623,0.986849975,53.164556962,73.333333333,-0.223003387,2,2,1.000000000,-0.058919127,-0.148651240,0.500000000,0.000000000,0,0,40,0.475000000,0.000000000,-0.013091076,-0.014141472
GBP_AUD,AUD_JPY,False,1622,di,False,False,20.000000000,20,1,10,191,0.317818233,2.540359530,1.729021156,56.544502618,73.333333333,-0.374954195,1,1,1.000000000,1.641281729,1.641281729,1.000000000,1.000000000,5,0,40,0.500000000,0.225000000,-0.037608243,-0.038260393
GBP_AUD,AUD_NZD,False,4666,bb,True,False,1.500000000,20,1,15,209,0.257131180,3.047018405,1.219980275,50.717703349,66.666666667,-0.315868635,8,8,1.000000000,0.363185206,0.089951528,1.000000000,0.000000000,2,0,42,0.500000000,0.047619048,-0.032412522,-0.032327167
GBP_AUD,AUD_USD,False,3659,stoch,False,False,30.000000000,20,1,50,166,0.299149653,2.868752254,1.343536604,57.831325301,73.333333333,-0.294951393,2,2,1.000000000,0.543199513,0.303116927,1.000000000,0.000000000,3,0,40,0.500000000,0.100000000,-0.036904075,-0.038557094
GBP_AUD,CAD_JPY,False,2559,change,False,False,1.000000000,20,1,50,228,0.299861410,2.980377484,1.519206216,56.140350877,60.000000000,-0.143160979,2,2,1.000000000,0.549505101,0.489180466,1.000000000,0.000000000,4,0,40,0.475000000,0.100000000,-0.036645347,-0.035484482
GBP_AUD,CBOE_Volatility_Index,False,3059,sma,False,False,1.000000000,20,1,10,342,0.225600237,2.911361982,1.433033679,50.877192982,73.333333333,-0.042514176,1,1,1.000000000,0.823975551,0.823975551,1.000000000,0.000000000,3,0,42,0.500000000,0.071428571,-0.039836281,-0.030818158
GBP_AUD,CHF_JPY,False,216,di,False,False,20.000000000,20,1,10,194,0.502977077,2.798388005,2.503462713,59.793814433,60.000000000,-0.124190640,1,1,1.000000000,1.228535339,1.228535339,1.000000000,1.000000000,3,1,40,0.475000000,0.075000000,-0.035704601,-0.037228518
GBP_AUD,COPPER_USD,False,3040,stoch,False,False,30.000000000,20,1,10,266,0.266829167,3.031972780,1.435320277,53.759398496,66.666666667,-0.198442552,1,1,1.000000000,1.247252297,1.247252297,1.000000000,1.000000000,4,0,40,0.500000000,0.125000000,-0.037423819,-0.035724242
GBP_AUD,EUR_AUD,False,37,bb,True,False,2.000000000,20,1,15,157,0.719784211,2.950893580,3.056318389,61.146496815,73.333333333,-0.143055699,8,7,0.875000000,0.691374175,-0.160369093,0.625000000,0.125000000,3,1,42,0.476190476,0.166666667,-0.036462019,-0.042202112
GBP_AUD,EUR_CHF,False,8853,bb,False,False,1.000000000,20,1,50,179,0.201353218,3.112750069,0.865447721,53.072625698,66.666666667,-0.343743712,5,5,1.000000000,0.146432106,-0.397567164,0.600000000,0.000000000,0,0,20,0.400000000,0.000000000,-0.035672553,-0.037197724
GBP_AUD,EUR_GBP,False,5019,bb,True,False,1.000000000,20,1,100,159,0.266480733,2.843328311,1.181781988,54.088050314,46.666666667,-0.257242524,5,5,1.000000000,0.338117036,-0.878739077,0.600000000,0.200000000,2,0,40,0.475000000,0.050000000,-0.033518704,-0.037389131
GBP_AUD,EUR_JPY,False,2033,di,False,False,20.000000000,20,1,10,195,0.331405065,2.843538988,1.627485996,55.897435897,80.000000000,-0.121961359,1,1,1.000000000,1.138679524,1.138679524,1.000000000,1.000000000,4,0,42,0.452380952,0.095238095,-0.034473286,-0.035804756
GBP_AUD,EUR_NZD,False,993,bb,True,False,2.000000000,20,1,15,151,0.470747707,2.990996639,1.934019113,56.953642384,60.000000000,-0.207641176,8,7,0.875000000,0.791690962,-0.601179655,0.750000000,0.375000000,2,0,42,0.500000000,0.119047619,-0.035750854,-0.034411722
GBP_AUD,EUR_USD,False,7465,change,True,False,1.000000000,20,1,100,200,0.200026289,2.941179576,0.961790612,52.500000000,53.333333333,-0.158435777,2,2,1.000000000,0.503297817,0.410692756,1.000000000,0.000000000,0,0,38,0.500000000,0.000000000,-0.035881402,-0.033694431
GBP_AUD,GBP_AUD,True,3006,bb,False,False,1.000000000,20,1,10,278,0.239140694,2.767423530,1.440788568,54.676258993,80.000000000,-0.120962601,3,3,1.000000000,0.669855919,0.225692952,1.000000000,0.333333333,2,0,40,0.450000000,0.075000000,-0.036069363,-0.034488227
GBP_AUD,GBP_CHF,False,5440,sma,False,False,1.000000000,20,1,100,181,0.262216593,3.095459286,1.139657522,54.696132597,60.000000000,-0.311875554,2,2,1.000000000,0.370861906,0.102103523,1.000000000,0.000000000,2,0,40,0.475000000,0.050000000,-0.033676357,-0.035313843
GBP_AUD,GBP_JPY,False,1537,bb,False,False,2.000000000,20,1,15,152,0.439090836,3.087356617,1.753433785,54.605263158,80.000000000,-0.298317920,8,7,0.875000000,0.595376237,-0.065698417,0.625000000,0.250000000,4,0,42,0.452380952,0.166666667,-0.034081553,-0.030594241
GBP_AUD,GBP_USD,False,1900,bb,False,False,1.000000000,20,1,10,284,0.307112592,3.111321611,1.663458184,53.169014085,93.333333333,-0.136413698,3,3,1.000000000,1.188616201,0.878362777,1.000000000,0.666666667,3,0,42,0.500000000,0.142857143,-0.035296962,-0.031609365
GBP_AUD,GOLD_USD,False,4256,sma,False,False,1.000000000,20,1,15,266,0.240582714,3.101287212,1.265211847,53.383458647,80.000000000,-0.414557379,2,2,1.000000000,0.603564767,0.262449302,1.000000000,0.000000000,2,0,40,0.475000000,0.075000000,-0.035909510,-0.035144912
GBP_AUD,NQ100_Futures,False,2377,bb,True,False,1.000000000,20,1,10,284,0.248766010,2.693754115,1.556296209,55.281690141,73.333333333,-0.114175645,3,3,1.000000000,0.169458918,-0.141090640,0.666666667,0.000000000,2,0,40,0.450000000,0.100000000,-0.039244856,-0.041766766
GBP_AUD,NZD_JPY,False,489,di,False,False,20.000000000,20,1,10,184,0.419635099,2.603737481,2.186167947,58.695652174,73.333333333,-0.169443943,1,1,1.000000000,1.508696581,1.508696581,1.000000000,1.000000000,5,1,40,0.500000000,0.200000000,-0.038272827,-0.035930124
GBP_AUD,NZD_USD,False,2479,change,True,False,1.000000000,20,1,200,201,0.312106415,2.879555659,1.536651015,56.218905473,80.000000000,-0.101329874,1,1,1.000000000,-0.019648739,-0.019648739,0.000000000,0.000000000,3,0,40,0.475000000,0.075000000,-0.037031556,-0.036085753
GBP_AUD,OIL_USD,False,3867,di,False,False,20.000000000,20,1,10,193,0.286192734,3.029327522,1.312474965,52.331606218,60.000000000,-0.244843486,1,1,1.000000000,-0.596290258,-0.596290258,0.000000000,0.000000000,2,0,40,0.425000000,0.075000000,-0.037304186,-0.044124185
GBP_AUD,SILVER_USD,False,3224,change,True,False,1.000000000,20,1,100,227,0.282128012,3.015515073,1.409605655,52.863436123,80.000000000,-0.177822231,2,2,1.000000000,0.533221180,0.436214175,1.000000000,0.000000000,4,0,42,0.500000000,0.095238095,-0.036526658,-0.032040624
GBP_AUD,TRY_JPY,False,960,change,False,False,1.000000000,20,1,50,234,0.413066336,3.242663615,1.948614065,52.564102564,73.333333333,-0.191878149,2,2,1.000000000,0.507395922,0.252633022,1.000000000,0.000000000,4,0,40,0.475000000,0.100000000,-0.037079931,-0.038466542
GBP_AUD,UK100_Futures,False,2462,stoch,True,False,30.000000000,20,1,10,272,0.278785826,2.986844212,1.539368412,54.779411765,73.333333333,-0.132885160,1,1,1.000000000,0.514914170,0.514914170,1.000000000,0.000000000,4,0,42,0.500000000,0.238095238,-0.036829336,-0.039374025
GBP_AUD,US30_Futures,False,2595,change,False,False,1.000000000,20,1,200,184,0.330674102,2.964958864,1.512831024,53.804347826,84.615384615,-0.252470010,1,1,1.000000000,1.232033310,1.232033310,1.000000000,1.000000000,5,0,40,0.475000000,0.200000000,-0.037655892,-0.038302284
GBP_AUD,USD_CAD,False,2626,change,True,False,1.000000000,20,1,10,246,0.278414666,2.894513450,1.508634691,55.691056911,66.666666667,-0.140942322,1,1,1.000000000,0.834338182,0.834338182,1.000000000,0.000000000,4,0,40,0.500000000,0.175000000,-0.036537763,-0.034678784
GBP_AUD,USD_CHF,False,6897,bb,True,False,1.500000000,20,1,15,221,0.195159278,2.884333632,1.005865347,52.941176471,66.666666667,-0.207310539,8,8,1.000000000,0.696221527,0.391099941,1.000000000,0.125000000,2,0,42,0.476190476,0.047619048,-0.036172545,-0.040411493
GBP_AUD,USD_JPY,False,361,change,False,False,1.000000000,20,1,100,213,0.483894057,3.066610212,2.302934112,50.234741784,53.333333333,-0.368480836,2,2,1.000000000,1.400195605,1.309334066,1.000000000,1.000000000,3,2,38,0.473684211,0.157894737,-0.036058400,-0.042465837
GBP_AUD,USSPX500_Futures,False,2718,bb,False,False,1.000000000,20,1,200,150,0.344975400,2.826623677,1.494740371,54.666666667,66.666666667,-0.207556213,3,3,1.000000000,1.137614650,0.874346404,1.000000000,0.666666667,4,0,44,0.500000000,0.204545455,-0.037806062,-0.041299042
GBP_AUD,ZAR_JPY,False,6711,sma,False,False,1.000000000,20,1,200,206,0.211591525,2.973304325,1.021392150,52.427184466,73.333333333,-0.423302907,1,1,1.000000000,0.873577845,0.873577845,1.000000000,0.000000000,1,0,40,0.475000000,0.025000000,-0.037544797,-0.037872687
GBP_CHF,AUD_JPY,False,7322,sma,False,False,1.000000000,20,1,50,220,0.183300131,2.798596916,0.971479776,52.727272727,73.333333333,-0.188450075,2,2,1.000000000,0.514693623,0.500980791,1.000000000,0.000000000,0,0,40,0.475000000,0.000000000,-0.084219716,-0.084800177
GBP_CHF,AUD_NZD,False,1446,bb,False,False,2.000000000,20,1,15,150,0.334286873,2.304421475,1.776654740,50.000000000,60.000000000,-0.093784958,8,7,0.875000000,0.308237711,-0.547912932,0.625000000,0.250000000,2,0,42,0.476190476,0.071428571,-0.084686540,-0.079574528
GBP_CHF,AUD_USD,False,3717,stoch,False,False,30.000000000,20,1,50,166,0.251995640,2.433012392,1.334451366,50.000000000,53.333333333,-0.132076666,2,2,1.000000000,0.052982712,0.022666471,1.000000000,0.000000000,1,0,40,0.400000000,0.025000000,-0.089218967,-0.087076873
GBP_CHF,CAD_JPY,False,4469,sma,False,False,1.000000000,20,1,10,227,0.218344753,2.648770774,1.241970594,50.660792952,60.000000000,-0.262767419,1,1,1.000000000,0.825824167,0.825824167,1.000000000,0.000000000,3,0,40,0.500000000,0.100000000,-0.086618684,-0.075831861
GBP_CHF,CBOE_Volatility_Index,False,2287,bb,True,False,1.500000000,20,1,10,223,0.241100163,2.288039353,1.573571374,51.121076233,60.000000000,-0.120888973,5,5,1.000000000,0.374550458,-0.680108494,0.800000000,0.000000000,1,0,42,0.428571429,0.023809524,-0.094622094,-0.087058971
GBP_CHF,CHF_JPY,False,546,bb,False,False,1.000000000,20,1,50,186,0.405021010,2.573711931,2.146219266,56.989247312,66.666666667,-0.230958363,5,5,1.000000000,1.344269995,0.517474363,1.000000000,0.600000000,5,1,40,0.500000000,0.250000000,-0.090311739,-0.082766889
GBP_CHF,COPPER_USD,False,1721,di,False,False,20.000000000,20,1,10,200,0.291198045,2.413091972,1.706591501,55.500000000,60.000000000,-0.083016340,1,1,1.000000000,1.942149352,1.942149352,1.000000000,1.000000000,4,0,40,0.500000000,0.200000000,-0.092289838,-0.094207505
GBP_CHF,EUR_AUD,False,2398,stoch,False,False,30.000000000,20,1,10,255,0.251738871,2.588156889,1.553208544,56.470588235,86.666666667,-0.126107665,1,1,1.000000000,0.433394869,0.433394869,1.000000000,0.000000000,3,0,42,0.476190476,0.071428571,-0.083916361,-0.081571030
GBP_CHF,EUR_CHF,False,8653,bb,False,False,1.000000000,20,1,15,258,0.133899205,2.448961136,0.878225326,54.263565891,40.000000000,-0.144019792,5,5,1.000000000,-0.034148322,-0.563217076,0.600000000,0.000000000,0,0,20,0.500000000,0.000000000,-0.088548991,-0.093896770
GBP_CHF,EUR_GBP,False,700,bb,False,False,1.000000000,20,1,15,266,0.327055215,2.591353202,2.058426124,56.766917293,93.333333333,-0.030090935,5,5,1.000000000,1.064802493,0.420380135,1.000000000,0.600000000,5,1,40,0.450000000,0.250000000,-0.081181610,-0.079959831
GBP_CHF,EUR_JPY,False,2072,change,False,False,1.000000000,20,1,15,243,0.252548831,2.430941617,1.619473966,53.086419753,66.666666667,-0.164254310,2,2,1.000000000,0.767278307,0.721747675,1.000000000,0.000000000,3,0,42,0.500000000,0.095238095,-0.086997933,-0.086930676
GBP_CHF,EUR_NZD,False,2262,stoch,False,False,30.000000000,20,1,50,174,0.308440117,2.578277450,1.578032098,55.747126437,60.000000000,-0.114485558,2,2,1.000000000,0.939025144,0.763267560,1.000000000,0.500000000,3,0,42,0.500000000,0.095238095,-0.087256642,-0.085253957
GBP_CHF,EUR_USD,False,1128,change,False,False,1.000000000,20,1,15,244,0.284039938,2.358530920,1.881190377,54.508196721,73.333333333,-0.086696993,2,2,1.000000000,1.231964020,0.617554864,1.000000000,0.500000000,4,0,38,0.500000000,0.315789474,-0.087164891,-0.081000296
GBP_CHF,GBP_AUD,False,8107,bb,False,False,1.500000000,20,1,10,228,0.152836648,2.521689802,0.915173141,50.000000000,53.333333333,-0.118550742,5,5,1.000000000,0.439455228,0.036555508,1.000000000,0.000000000,0,0,40,0.475000000,0.000000000,-0.086654919,-0.070379562
GBP_CHF,GBP_CHF,True,739,di,True,False,20.000000000,20,1,10,186,0.394893804,2.634359110,2.044380900,55.913978495,86.666666667,-0.158270668,1,1,1.000000000,0.925113573,0.925113573,1.000000000,0.000000000,4,1,40,0.450000000,0.150000000,-0.081336897,-0.086559813
GBP_CHF,GBP_JPY,False,3582,sma,False,False,1.000000000,20,1,10,219,0.240983599,2.634312102,1.353761991,52.968036530,60.000000000,-0.232008398,1,1,1.000000000,0.617275956,0.617275956,1.000000000,0.000000000,2,0,42,0.452380952,0.047619048,-0.084733627,-0.085723732
GBP_CHF,GBP_USD,False,2716,stoch,False,False,30.000000000,20,1,50,169,0.295279748,2.567815454,1.494903661,52.071005917,66.666666667,-0.164443526,2,2,1.000000000,0.791899132,0.790070188,1.000000000,0.000000000,3,0,42,0.476190476,0.071428571,-0.083680848,-0.088925731
GBP_CHF,GOLD_USD,False,5036,bb,True,False,1.500000000,20,1,10,244,0.165940127,2.197999173,1.179285085,50.000000000,60.000000000,-0.217727433,5,5,1.000000000,0.546764178,0.041660927,1.000000000,0.200000000,1,0,40,0.450000000,0.050000000,-0.087879022,-0.087897770
GBP_CHF,NQ100_Futures,False,2810,bb,False,False,1.000000000,20,1,50,186,0.270933650,2.496771774,1.479927954,54.301075269,53.333333333,-0.148371842,5,5,1.000000000,0.971060817,-0.017644178,0.800000000,0.400000000,2,0,40,0.450000000,0.050000000,-0.089530807,-0.105751537
GBP_CHF,NZD_JPY,False,4562,change,True,False,1.000000000,20,1,50,226,0.215859695,2.634583681,1.231725072,52.212389381,73.333333333,-0.336329188,2,2,1.000000000,-0.179563014,-0.628319148,0.500000000,0.000000000,1,0,40,0.500000000,0.025000000,-0.089754726,-0.094159019
GBP_CHF,NZD_USD,False,12245,sma,False,False,1.000000000,20,1,200,195,0.115506256,2.442089615,0.660482347,51.282051282,53.333333333,-0.144249249,1,1,1.000000000,-0.040982367,-0.040982367,0.000000000,0.000000000,0,0,40,0.325000000,0.000000000,-0.090612996,-0.090780399
GBP_CHF,OIL_USD,False,2912,stoch,False,False,30.000000000,20,1,50,171,0.277884808,2.492825850,1.457709285,55.555555556,60.000000000,-0.172757591,2,2,1.000000000,0.370271311,0.324812194,1.000000000,0.000000000,2,0,40,0.475000000,0.050000000,-0.093621733,-0.099323314
GBP_CHF,SILVER_USD,False,1149,bb,True,False,2.000000000,20,1,10,152,0.398858953,2.623287930,1.874542012,53.947368421,73.333333333,-0.168703013,5,4,0.800000000,1.285791647,0.930996005,0.800000000,0.600000000,1,0,42,0.476190476,0.095238095,-0.091117903,-0.098138256
GBP_CHF,TRY_JPY,False,4862,stoch,False,False,30.000000000,20,1,50,161,0.209087655,2.215277172,1.197604056,52.795031056,80.000000000,-0.249008470,2,2,1.000000000,0.286051351,0.033587821,1.000000000,0.000000000,2,0,40,0.450000000,0.075000000,-0.088301025,-0.096815033
GBP_CHF,UK100_Futures,False,2415,sma,False,False,1.000000000,20,1,50,224,0.272952323,2.636551458,1.549439245,52.232142857,66.666666667,-0.196445915,2,2,1.000000000,0.405946742,-0.307825472,0.500000000,0.500000000,3,0,42,0.452380952,0.119047619,-0.089360110,-0.089729260
GBP_CHF,US30_Futures,False,7525,bb,False,False,1.500000000,20,1,10,214,0.140834819,2.153378850,0.956745625,53.271028037,64.285714286,-0.067039924,5,5,1.000000000,-0.091740888,-0.849694724,0.400000000,0.000000000,0,0,40,0.500000000,0.000000000,-0.086950829,-0.088741345
GBP_CHF,USD_CAD,False,4527,sma,True,False,1.000000000,20,1,10,179,0.244852390,2.650738126,1.235845097,53.072625698,60.000000000,-0.185114785,1,1,1.000000000,0.655054544,0.655054544,1.000000000,0.000000000,1,0,40,0.450000000,0.050000000,-0.088195387,-0.075291067
GBP_CHF,USD_CHF,False,272,sma,True,False,1.000000000,20,1,15,234,0.419136670,2.655085791,2.414821470,55.982905983,73.333333333,-0.046853853,2,2,1.000000000,1.610674167,1.259617533,1.000000000,1.000000000,5,3,42,0.500000000,0.500000000,-0.087817534,-0.070868708
GBP_CHF,USD_JPY,False,6557,sma,False,False,1.000000000,20,1,10,196,0.209570317,2.838227520,1.033738282,48.979591837,60.000000000,-0.239287512,1,1,1.000000000,0.230072272,0.230072272,1.000000000,0.000000000,2,0,38,0.473684211,0.052631579,-0.083378750,-0.087009620
GBP_CHF,USSPX500_Futures,False,3115,bb,False,False,1.000000000,20,1,50,195,0.266134462,2.610965067,1.423368528,56.923076923,73.333333333,-0.246864250,5,5,1.000000000,0.687642453,-0.418235884,0.800000000,0.200000000,2,0,44,0.454545455,0.045454545,-0.086946894,-0.079294436
GBP_CHF,ZAR_JPY,False,7607,di,True,False,20.000000000,20,1,10,160,0.202947322,2.699089254,0.951099756,56.250000000,66.666666667,-0.522134443,1,1,1.000000000,2.008228140,2.008228140,1.000000000,1.000000000,0,0,40,0.450000000,0.000000000,-0.088764568,-0.078540096
GBP_JPY,AUD_JPY,False,2451,sma,False,False,1.000000000,20,1,50,220,0.342763954,3.297574151,1.541742747,53.181818182,53.333333333,-14.930335844,2,2,1.000000000,0.915568668,0.612401572,1.000000000,0.500000000,3,0,40,0.450000000,0.125000000,-0.024206551,-0.026439153
GBP_JPY,AUD_NZD,False,445,change,False,False,1.000000000,20,1,50,206,0.501199345,3.239395978,2.220649756,57.766990291,80.000000000,-33.578472536,2,2,1.000000000,0.221318362,-0.641714096,0.500000000,0.500000000,4,2,42,0.500000000,0.214285714,-0.022255178,-0.024050239
GBP_JPY,AUD_USD,False,1195,stoch,False,False,30.000000000,20,1,50,166,0.455881987,3.156529344,1.860786924,54.216867470,60.000000000,-10.004139816,2,2,1.000000000,0.753557045,0.135907203,1.000000000,0.500000000,4,0,40,0.475000000,0.100000000,-0.023631187,-0.026224038
GBP_JPY,CAD_JPY,False,3768,sma,False,False,1.000000000,20,1,10,227,0.303238979,3.443208033,1.326889300,52.422907489,60.000000000,-20.574058448,1,1,1.000000000,0.740026444,0.740026444,1.000000000,0.000000000,2,0,40,0.500000000,0.050000000,-0.023565046,-0.024857746
GBP_JPY,CBOE_Volatility_Index,False,345,stoch,True,False,30.000000000,20,1,50,184,0.594651328,3.487131536,2.313145625,59.782608696,86.666666667,-23.579023932,2,2,1.000000000,1.128184859,0.249007139,1.000000000,0.500000000,3,2,42,0.476190476,0.142857143,-0.025365161,-0.028480614
GBP_JPY,CHF_JPY,False,3258,stoch,False,False,30.000000000,20,1,50,159,0.358672316,3.221020017,1.404116022,54.088050314,60.000000000,-38.015646999,2,2,1.000000000,0.546913263,-0.073943318,0.500000000,0.500000000,4,0,40,0.500000000,0.225000000,-0.023620783,-0.022331330
GBP_JPY,COPPER_USD,False,309,bb,False,False,1.000000000,20,1,100,164,0.569771985,3.084949051,2.365238938,56.707317073,66.666666667,-11.189360920,5,5,1.000000000,1.718112256,0.957102627,1.000000000,0.800000000,5,1,40,0.500000000,0.200000000,-0.024992298,-0.026432547
GBP_JPY,EUR_AUD,False,5231,change,True,False,1.000000000,20,1,50,217,0.251025219,3.181720889,1.162211429,52.073732719,73.333333333,-34.853381124,2,2,1.000000000,0.215569890,0.068353034,1.000000000,0.000000000,2,0,42,0.476190476,0.047619048,-0.023963195,-0.026050245
GBP_JPY,EUR_CHF,False,1682,bb,False,False,1.000000000,20,1,15,258,0.323151007,3.028135248,1.714115566,55.813953488,73.333333333,-11.929349712,5,5,1.000000000,0.510837582,-0.359463655,0.800000000,0.200000000,2,0,20,0.500000000,0.150000000,-0.023906547,-0.020154335
GBP_JPY,EUR_GBP,False,140,sma,False,False,1.000000000,20,1,15,172,0.746688880,3.668791698,2.669198378,56.395348837,73.333333333,-19.085368356,2,2,1.000000000,1.719773219,1.554041411,1.000000000,1.000000000,5,4,40,0.500000000,0.350000000,-0.022281189,-0.022459073
GBP_JPY,EUR_JPY,False,4709,bb,False,False,1.000000000,20,1,15,259,0.238966875,3.166695097,1.214454746,52.123552124,66.666666667,-19.139523122,5,5,1.000000000,0.616448404,-0.129032583,0.800000000,0.000000000,3,0,42,0.500000000,0.119047619,-0.023597120,-0.021754520
GBP_JPY,EUR_NZD,False,7633,sma,False,False,1.000000000,20,1,50,220,0.209259918,3.269220969,0.949408498,52.727272727,66.666666667,-16.839577792,2,2,1.000000000,0.192679395,-0.150754591,0.500000000,0.000000000,0,0,42,0.428571429,0.000000000,-0.023852206,-0.022856845
GBP_JPY,EUR_USD,False,1316,change,False,False,1.000000000,20,1,100,200,0.405648027,3.153750086,1.819018393,54.000000000,53.333333333,-17.378239692,2,2,1.000000000,0.349367979,-0.230725517,0.500000000,0.000000000,3,0,38,0.500000000,0.131578947,-0.023227778,-0.024453954
GBP_JPY,GBP_AUD,False,1217,bb,True,False,1.000000000,20,1,50,187,0.437426304,3.229601787,1.852152414,52.406417112,66.666666667,-9.649130620,5,5,1.000000000,0.659142670,0.012348963,1.000000000,0.400000000,4,0,40,0.500000000,0.125000000,-0.023545001,-0.026653755
GBP_JPY,GBP_CHF,False,387,di,True,False,20.000000000,20,1,10,186,0.546674395,3.264366893,2.283948150,53.225806452,80.000000000,-27.790117116,1,1,1.000000000,1.268641490,1.268641490,1.000000000,1.000000000,5,1,40,0.500000000,0.300000000,-0.022979786,-0.023222095
GBP_JPY,GBP_JPY,True,2838,sma,False,False,1.000000000,20,1,10,219,0.320979056,3.224421282,1.473150011,53.424657534,60.000000000,-24.518748576,1,1,1.000000000,0.569685175,0.569685175,1.000000000,0.000000000,2,0,42,0.476190476,0.047619048,-0.023778447,-0.022304329
GBP_JPY,GBP_USD,False,4640,change,False,False,1.000000000,20,1,100,198,0.293861124,3.380421905,1.223217887,51.515151515,53.333333333,-26.978784600,2,2,1.000000000,0.038381161,-0.014175106,0.500000000,0.000000000,1,0,42,0.476190476,0.023809524,-0.022427281,-0.023453517
GBP_JPY,GOLD_USD,False,1526,sma,False,False,1.000000000,20,1,200,197,0.434859759,3.475042675,1.756394998,59.390862944,66.666666667,-27.098028864,1,1,1.000000000,0.335194795,0.335194795,1.000000000,0.000000000,2,0,40,0.500000000,0.075000000,-0.023500944,-0.019472516
GBP_JPY,NQ100_Futures,False,785,bb,False,False,1.000000000,20,1,50,186,0.483151052,3.254948123,2.024395345,55.376344086,73.333333333,-12.508662580,5,5,1.000000000,1.679913171,1.258817035,1.000000000,1.000000000,5,1,40,0.500000000,0.325000000,-0.024315820,-0.026943990
GBP_JPY,NZD_JPY,False,5374,sma,False,False,1.000000000,20,1,50,217,0.240311794,3.085890235,1.147161277,50.691244240,60.000000000,-26.452419504,2,2,1.000000000,0.446884118,0.136641802,1.000000000,0.000000000,1,0,40,0.500000000,0.025000000,-0.024251842,-0.024134036
GBP_JPY,NZD_USD,False,11783,bb,False,False,1.500000000,20,1,10,239,0.143576930,3.236396058,0.685838639,51.046025105,66.666666667,-16.148219985,5,5,1.000000000,0.236923059,-1.016559125,0.800000000,0.000000000,0,0,40,0.475000000,0.000000000,-0.023695254,-0.022176101
GBP_JPY,OIL_USD,False,5356,stoch,False,False,30.000000000,20,1,50,171,0.295917716,3.367812698,1.149002811,54.970760234,53.333333333,-20.671011248,2,2,1.000000000,0.386361358,-0.197018456,0.500000000,0.000000000,2,0,40,0.500000000,0.075000000,-0.024914739,-0.027964898
GBP_JPY,SILVER_USD,False,464,change,False,False,1.000000000,20,1,100,227,0.466461251,3.191866934,2.201829688,55.947136564,60.000000000,-14.448172652,2,2,1.000000000,0.138739048,-0.311880275,0.500000000,0.000000000,2,1,42,0.500000000,0.047619048,-0.023947901,-0.020569441
GBP_JPY,TRY_JPY,False,3018,sma,True,False,1.000000000,20,1,200,200,0.359433073,3.531789433,1.439256606,54.500000000,66.666666667,-32.856149688,1,1,1.000000000,-0.251538027,-0.251538027,0.000000000,0.000000000,2,0,40,0.475000000,0.050000000,-0.023851076,-0.020574031
GBP_JPY,UK100_Futures,False,33,sma,False,False,1.000000000,20,1,50,224,0.634927967,3.093355123,3.071982135,57.142857143,86.666666667,-14.311703814,2,2,1.000000000,1.179211243,-0.172927279,0.500000000,0.500000000,4,3,42,0.500000000,0.238095238,-0.024331196,-0.026387704
GBP_JPY,US30_Futures,False,1203,bb,False,False,1.500000000,20,1,10,214,0.378649760,2.981183500,1.858043441,56.074766355,85.714285714,-3.693126110,5,5,1.000000000,0.727369825,0.019927349,1.000000000,0.400000000,5,0,40,0.500000000,0.425000000,-0.023393242,-0.022800528
GBP_JPY,USD_CAD,False,8820,sma,True,False,1.000000000,20,1,10,179,0.217235651,3.350656858,0.867416464,52.513966480,66.666666667,-24.155086084,1,1,1.000000000,0.152684239,0.152684239,1.000000000,0.000000000,0,0,40,0.500000000,0.000000000,-0.022865253,-0.019403936
GBP_JPY,USD_CHF,False,1486,stoch,True,False,30.000000000,20,1,50,163,0.454661813,3.286969140,1.765983553,53.374233129,66.666666667,-18.616998150,2,2,1.000000000,1.266927852,1.108988458,1.000000000,1.000000000,4,0,42,0.500000000,0.285714286,-0.023607980,-0.021556180
GBP_JPY,USD_JPY,False,3443,stoch,False,False,30.000000000,20,1,10,263,0.275594002,3.254211006,1.373415440,54.372623574,80.000000000,-19.025345576,1,1,1.000000000,1.258434607,1.258434607,1.000000000,1.000000000,2,0,38,0.500000000,0.105263158,-0.023323699,-0.024618904
GBP_JPY,USSPX500_Futures,False,87,bb,False,False,1.000000000,20,1,200,150,0.775663611,3.379670690,2.810895251,62.000000000,80.000000000,-30.578816032,3,3,1.000000000,1.887059795,1.842851684,1.000000000,1.000000000,5,2,44,0.477272727,0.340909091,-0.024031859,-0.024959139
GBP_JPY,ZAR_JPY,False,7635,stoch,True,False,30.000000000,20,1,15,231,0.202046989,3.234833272,0.949306535,51.515151515,66.666666667,-17.471495772,2,2,1.000000000,0.266038521,0.078489661,1.000000000,0.000000000,0,0,40,0.475000000,0.000000000,-0.024637095,-0.019610380
GBP_USD,AUD_JPY,False,491,sma,False,False,1.000000000,20,1,50,220,0.374354248,2.540274032,2.185815682,52.727272727,73.333333333,-0.098561192,2,2,1.000000000,0.781051971,0.315704836,1.000000000,0.500000000,5,2,40,0.475000000,0.175000000,-0.035682578,-0.040304903
GBP_USD,AUD_NZD,False,1257,sma,False,False,1.000000000,20,1,50,186,0.344809754,2.557822787,1.838508163,53.225806452,73.333333333,-0.116834631,2,2,1.000000000,0.419999581,0.119897089,1.000000000,0.000000000,3,0,42,0.476190476,0.095238095,-0.035361524,-0.041593278
GBP_USD,AUD_USD,False,638,sma,False,False,1.000000000,20,1,50,214,0.362024100,2.534935548,2.089187637,58.411214953,80.000000000,-0.108114123,2,2,1.000000000,0.964167618,0.711552341,1.000000000,0.500000000,4,1,40,0.500000000,0.175000000,-0.035555399,-0.034695396
GBP_USD,CAD_JPY,False,483,stoch,False,False,30.000000000,20,1,50,159,0.403230539,2.323070797,2.188716605,57.861635220,80.000000000,-0.093184093,2,2,1.000000000,-0.035545787,-0.378455779,0.500000000,0.000000000,3,1,40,0.500000000,0.125000000,-0.035482094,-0.038416635
GBP_USD,CBOE_Volatility_Index,False,427,bb,True,False,1.000000000,20,1,100,166,0.441575615,2.532388122,2.246616060,54.216867470,66.666666667,-0.097737061,5,5,1.000000000,1.889441693,1.278604557,1.000000000,1.000000000,4,1,42,0.452380952,0.190476190,-0.039246128,-0.039705147
GBP_USD,CHF_JPY,False,86,stoch,False,False,30.000000000,20,1,50,159,0.541950957,2.429502386,2.812815328,56.603773585,80.000000000,-0.044411016,2,2,1.000000000,1.082971066,0.929398212,1.000000000,0.500000000,4,2,40,0.500000000,0.275000000,-0.035169255,-0.035127392
GBP_USD,COPPER_USD,False,184,bb,False,False,1.000000000,20,1,100,164,0.492998217,2.457848567,2.568692696,59.146341463,73.333333333,-0.192341209,5,5,1.000000000,1.945808077,1.254164204,1.000000000,1.000000000,5,3,40,0.500000000,0.400000000,-0.037940273,-0.034801003
GBP_USD,EUR_AUD,False,2465,sma,True,False,1.000000000,20,1,200,191,0.279978401,2.514529846,1.538807940,57.068062827,60.000000000,-0.216807694,1,1,1.000000000,1.445507032,1.445507032,1.000000000,1.000000000,3,0,42,0.476190476,0.142857143,-0.034695108,-0.032331245
GBP_USD,EUR_CHF,False,473,bb,False,False,1.000000000,20,1,100,151,0.463317297,2.594161369,2.194673907,54.304635762,66.666666667,-0.070014148,5,5,1.000000000,1.541803720,1.277224583,1.000000000,1.000000000,3,1,20,0.500000000,0.350000000,-0.035165353,-0.030542507
GBP_USD,EUR_GBP,False,29,di,False,False,20.000000000,20,1,10,184,0.508692443,2.217650840,3.111508759,60.326086957,93.333333333,-0.138664275,1,1,1.000000000,1.332218264,1.332218264,1.000000000,1.000000000,5,5,40,0.500000000,0.425000000,-0.034432767,-0.034026121
GBP_USD,EUR_JPY,False,913,bb,False,False,1.000000000,20,1,50,189,0.345502077,2.416438501,1.965648313,53.968253968,73.333333333,-0.120909216,5,5,1.000000000,0.974689236,0.307412287,1.000000000,0.600000000,5,0,42,0.500000000,0.333333333,-0.034850266,-0.039691544
GBP_USD,EUR_NZD,False,743,change,True,False,1.000000000,20,1,100,214,0.311211999,2.227764947,2.043590398,55.607476636,66.666666667,-0.075922491,2,2,1.000000000,0.481651663,0.324175807,1.000000000,0.000000000,3,1,42,0.500000000,0.071428571,-0.036054393,-0.040025651
GBP_USD,EUR_USD,False,745,bb,False,False,1.000000000,20,1,10,276,0.279549071,2.273396958,2.042853952,55.797101449,80.000000000,-0.065572989,3,3,1.000000000,1.403599930,0.914503962,1.000000000,0.666666667,4,1,38,0.500000000,0.315789474,-0.035785408,-0.032144274
GBP_USD,GBP_AUD,False,54,bb,True,False,1.000000000,20,1,50,187,0.497900713,2.345677369,2.902654023,61.497326203,80.000000000,-0.128079504,5,5,1.000000000,1.511811699,0.193093901,1.000000000,0.800000000,5,3,40,0.500000000,0.250000000,-0.035888737,-0.041447011
GBP_USD,GBP_CHF,False,367,bb,True,False,1.500000000,20,1,15,220,0.384492192,2.481404710,2.298271138,56.818181818,80.000000000,-0.122385229,8,8,1.000000000,1.603872778,1.069950590,1.000000000,1.000000000,5,4,40,0.500000000,0.350000000,-0.035481648,-0.030004449
GBP_USD,GBP_JPY,False,2508,stoch,True,False,30.000000000,20,1,10,268,0.245162911,2.625601624,1.528598165,53.731343284,73.333333333,-0.171653952,1,1,1.000000000,0.215904932,0.215904932,1.000000000,0.000000000,2,0,42,0.476190476,0.047619048,-0.034559684,-0.033678668
GBP_USD,GBP_USD,True,1784,change,False,False,1.000000000,20,1,100,198,0.308952050,2.572572110,1.689880987,54.040404040,53.333333333,-0.211386124,2,2,1.000000000,0.214682892,0.194624765,1.000000000,0.000000000,1,0,42,0.452380952,0.023809524,-0.034630131,-0.032252564
GBP_USD,GOLD_USD,False,1012,change,False,False,1.000000000,20,1,100,217,0.317690146,2.429716677,1.926096211,50.691244240,60.000000000,-0.116408287,2,2,1.000000000,0.900438524,0.890691598,1.000000000,0.000000000,2,0,40,0.500000000,0.050000000,-0.037363684,-0.041733688
GBP_USD,NQ100_Futures,False,2486,bb,False,False,1.000000000,20,1,50,186,0.280383681,2.491245559,1.534944466,53.763440860,60.000000000,-0.169631776,5,5,1.000000000,1.350322931,0.780642370,1.000000000,0.800000000,3,0,40,0.500000000,0.225000000,-0.037354826,-0.042511561
GBP_USD,NZD_JPY,False,1295,sma,False,False,1.000000000,20,1,50,217,0.307612974,2.479593743,1.827485685,51.612903226,66.666666667,-0.103630177,2,2,1.000000000,0.611615466,0.151993353,1.000000000,0.500000000,5,0,40,0.500000000,0.150000000,-0.035477410,-0.035759059
GBP_USD,NZD_USD,False,1305,bb,False,False,1.000000000,20,1,50,185,0.323852998,2.413414423,1.825163948,57.837837838,66.666666667,-0.156419772,5,5,1.000000000,0.918642776,0.399161935,1.000000000,0.400000000,4,0,40,0.500000000,0.150000000,-0.035282747,-0.036049094
GBP_USD,OIL_USD,False,852,stoch,False,False,30.000000000,20,1,50,171,0.398356403,2.614253038,1.992609680,56.725146199,53.333333333,-0.104684083,2,2,1.000000000,1.729093330,1.626947583,1.000000000,1.000000000,5,0,40,0.500000000,0.275000000,-0.038139029,-0.034330964
GBP_USD,SILVER_USD,False,718,change,False,False,1.000000000,20,1,100,227,0.346523337,2.543190922,2.052893655,49.779735683,73.333333333,-0.147649251,2,2,1.000000000,0.730653291,0.552226461,1.000000000,0.000000000,4,1,42,0.500000000,0.166666667,-0.036807219,-0.031626039
GBP_USD,TRY_JPY,False,4915,di,True,False,20.000000000,20,1,10,170,0.220506540,2.410852479,1.192546435,57.058823529,66.666666667,-0.084850487,1,1,1.000000000,0.565055267,0.565055267,1.000000000,0.000000000,3,0,40,0.500000000,0.075000000,-0.035749783,-0.035608835
GBP_USD,UK100_Futures,False,97,stoch,False,False,30.000000000,20,1,50,163,0.535312859,2.459020531,2.779324931,57.668711656,80.000000000,-0.046264662,2,2,1.000000000,1.274369211,0.445619410,1.000000000,0.500000000,4,4,42,0.476190476,0.285714286,-0.036969776,-0.041082687
GBP_USD,US30_Futures,False,654,di,False,False,20.000000000,20,1,10,168,0.407483817,2.541924293,2.077793555,58.333333333,71.428571429,-0.150851645,1,1,1.000000000,1.278493092,1.278493092,1.000000000,1.000000000,4,1,40,0.500000000,0.225000000,-0.033692577,-0.034933225
GBP_USD,USD_CAD,False,766,bb,True,False,1.000000000,20,1,100,165,0.382827136,2.417148074,2.034423811,53.939393939,80.000000000,-0.186463135,5,5,1.000000000,1.945260173,1.075059708,1.000000000,1.000000000,4,1,40,0.500000000,0.275000000,-0.035036474,-0.039497761
GBP_USD,USD_CHF,False,253,stoch,True,False,30.000000000,20,1,50,163,0.478607908,2.499787824,2.444390146,57.055214724,80.000000000,-0.148865418,2,2,1.000000000,1.887423619,1.838985740,1.000000000,1.000000000,4,2,42,0.500000000,0.380952381,-0.036137290,-0.033368202
GBP_USD,USD_JPY,False,4698,di,True,False,20.000000000,20,1,10,197,0.211926983,2.447514335,1.215329736,54.822335025,66.666666667,-0.134922311,1,1,1.000000000,0.969971555,0.969971555,1.000000000,0.000000000,1,0,38,0.473684211,0.026315789,-0.035595818,-0.033026039
GBP_USD,USSPX500_Futures,False,1499,sma,False,False,1.000000000,20,1,100,208,0.309841778,2.534671321,1.762990584,50.961538462,60.000000000,-0.145620829,2,2,1.000000000,1.124278761,0.612935893,1.000000000,0.500000000,5,0,44,0.500000000,0.227272727,-0.036002986,-0.037282744
GBP_USD,ZAR_JPY,False,9660,stoch,True,False,30.000000000,20,1,15,231,0.123786698,2.324629235,0.809331182,51.515151515,66.666666667,-0.215456908,2,2,1.000000000,0.068556546,-0.189278629,0.500000000,0.000000000,0,0,40,0.475000000,0.000000000,-0.037276500,-0.041660534
GOLD_USD,AUD_JPY,False,6086,change,False,False,1.000000000,20,1,200,206,0.403667575,5.375626328,1.077775739,51.941747573,73.333333333,-324.100000000,1,1,1.000000000,-0.458999039,-0.458999039,0.000000000,0.000000000,1,0,40,0.250000000,0.025000000,-0.444700942,-0.445540575
GOLD_USD,AUD_NZD,False,3359,bb,False,False,1.000000000,20,1,15,247,0.417146064,4.736547140,1.384123246,54.251012146,60.000000000,-447.400000000,5,5,1.000000000,0.925448041,0.374338845,1.000000000,0.600000000,3,0,42,0.357142857,0.166666667,-0.433877737,-0.387165221
GOLD_USD,AUD_USD,False,7125,change,False,False,1.000000000,20,1,200,197,0.339590665,4.834062981,0.985999176,54.822335025,53.333333333,-126.600000000,1,1,1.000000000,-0.008993712,-0.008993712,0.000000000,0.000000000,0,0,40,0.125000000,0.000000000,-0.428895134,-0.385375623
GOLD_USD,CAD_JPY,False,4433,change,False,False,1.000000000,20,1,200,200,0.434420637,4.933496095,1.245290448,50.000000000,66.666666667,-444.100000000,1,1,1.000000000,-0.392410654,-0.392410654,0.000000000,0.000000000,1,0,40,0.200000000,0.025000000,-0.448731209,-0.458890454
GOLD_USD,CBOE_Volatility_Index,False,2445,stoch,True,False,30.000000000,20,1,50,179,0.558099902,4.839494242,1.542902505,50.837988827,73.333333333,-142.600000000,2,2,1.000000000,0.973508558,0.592495468,1.000000000,0.500000000,1,0,42,0.309523810,0.047619048,-0.480839082,-0.579099494
GOLD_USD,CHF_JPY,False,8422,stoch,True,False,30.000000000,20,1,15,238,0.302081024,5.218003438,0.893115367,57.563025210,73.333333333,-389.000000000,2,2,1.000000000,-0.464335271,-0.784470675,0.000000000,0.000000000,0,0,40,0.300000000,0.000000000,-0.449569849,-0.399497842
GOLD_USD,COPPER_USD,False,1697,change,False,False,1.000000000,20,1,200,205,0.608013992,5.085479845,1.711821855,53.658536585,80.000000000,-33.000000000,1,1,1.000000000,-0.146565802,-0.146565802,0.000000000,0.000000000,2,0,40,0.275000000,0.050000000,-0.464767137,-0.469898912
GOLD_USD,EUR_AUD,False,1010,stoch,True,False,30.000000000,20,1,15,234,0.686331807,5.445765198,1.927893960,56.837606838,80.000000000,-59.700000000,2,2,1.000000000,0.681467364,-0.246772372,0.500000000,0.500000000,5,0,42,0.380952381,0.190476190,-0.423290195,-0.431082101
GOLD_USD,EUR_CHF,False,13040,bb,False,False,1.500000000,20,1,10,226,0.214173882,5.226912085,0.615992652,50.884955752,46.666666667,-87.000000000,5,5,1.000000000,-0.323632522,-1.076517888,0.400000000,0.000000000,0,0,18,0.388888889,0.000000000,-0.436585693,-0.409383769
GOLD_USD,EUR_GBP,False,2650,sma,False,False,1.000000000,20,1,50,175,0.581714136,5.114749512,1.504541849,54.857142857,66.666666667,-483.000000000,2,2,1.000000000,0.905531800,0.666654312,1.000000000,0.500000000,4,0,40,0.400000000,0.175000000,-0.444255827,-0.502151834
GOLD_USD,EUR_JPY,False,14397,change,False,False,1.000000000,20,1,200,191,0.218719771,5.509130261,0.548683227,49.738219895,66.666666667,-444.300000000,1,1,1.000000000,-0.501141338,-0.501141338,0.000000000,0.000000000,0,0,40,0.225000000,0.000000000,-0.440948473,-0.436015388
GOLD_USD,EUR_NZD,False,3085,sma,True,False,1.000000000,20,1,200,188,0.523330921,5.024097700,1.428227017,56.914893617,66.666666667,-143.000000000,1,1,1.000000000,0.280897913,0.280897913,1.000000000,0.000000000,2,0,40,0.275000000,0.075000000,-0.439431563,-0.485224684
GOLD_USD,EUR_USD,False,11360,di,True,False,20.000000000,20,1,10,188,0.269707361,5.223133636,0.708011949,55.319148936,66.666666667,-368.900000000,1,1,1.000000000,0.942703416,0.942703416,1.000000000,0.000000000,0,0,38,0.289473684,0.000000000,-0.462388433,-0.398638082
GOLD_USD,GBP_AUD,False,983,bb,True,False,1.500000000,20,1,10,225,0.634692898,4.911086696,1.938551293,55.555555556,80.000000000,-138.200000000,5,5,1.000000000,1.095104349,0.460614483,1.000000000,0.800000000,3,0,40,0.500000000,0.250000000,-0.436255244,-0.330208209
GOLD_USD,GBP_CHF,False,3777,bb,True,False,1.000000000,20,1,100,160,0.535486489,5.113179160,1.324699885,54.375000000,73.333333333,-399.900000000,5,5,1.000000000,1.283346319,0.535203726,1.000000000,0.600000000,1,0,38,0.342105263,0.052631579,-0.458071908,-0.485870179
GOLD_USD,GBP_JPY,False,2782,bb,True,False,1.000000000,20,1,100,151,0.623501447,5.164608015,1.483503497,56.291390728,66.666666667,-259.500000000,5,5,1.000000000,0.955432237,0.720674696,1.000000000,0.400000000,2,0,42,0.357142857,0.071428571,-0.443936382,-0.366033138
GOLD_USD,GBP_USD,False,2427,sma,True,False,1.000000000,20,1,15,199,0.589002647,5.375824788,1.545605589,54.271356784,73.333333333,-497.900000000,2,2,1.000000000,0.776607456,0.645887712,1.000000000,0.000000000,3,0,40,0.425000000,0.125000000,-0.436904884,-0.439107353
GOLD_USD,GOLD_USD,True,1932,change,False,False,1.000000000,20,1,200,196,0.625847741,5.299166200,1.653442832,57.653061224,66.666666667,-506.200000000,1,1,1.000000000,0.590880582,0.590880582,1.000000000,0.000000000,1,0,38,0.315789474,0.026315789,-0.458307562,-0.484826656
GOLD_USD,NQ100_Futures,False,1680,bb,False,False,1.000000000,20,1,100,163,0.687622589,5.120478663,1.714483764,51.533742331,60.000000000,-405.700000000,5,5,1.000000000,1.234585451,0.820164139,1.000000000,0.800000000,3,0,40,0.400000000,0.125000000,-0.467565568,-0.497530888
GOLD_USD,NZD_JPY,False,4087,stoch,False,False,30.000000000,20,1,50,157,0.518450899,5.056222950,1.284787323,52.229299363,66.666666667,-63.300000000,2,2,1.000000000,-0.552269838,-1.815099678,0.500000000,0.000000000,2,0,40,0.425000000,0.075000000,-0.451269302,-0.429452405
GOLD_USD,NZD_USD,False,6630,di,True,False,20.000000000,20,1,10,187,0.427685302,5.690323187,1.027799012,54.010695187,66.666666667,-122.100000000,1,1,1.000000000,0.364090579,0.364090579,1.000000000,0.000000000,1,0,40,0.375000000,0.025000000,-0.427624439,-0.412700237
GOLD_USD,OIL_USD,False,18662,change,False,False,1.000000000,20,1,50,235,0.113998544,4.964720848,0.351996546,51.489361702,60.000000000,-109.800000000,2,2,1.000000000,-0.393366492,-0.451509044,0.000000000,0.000000000,0,0,40,0.175000000,0.000000000,-0.483833059,-0.461101479
GOLD_USD,SILVER_USD,False,10397,change,False,False,1.000000000,20,1,100,225,0.258086103,5.079761133,0.762101099,50.222222222,73.333333333,-244.000000000,2,2,1.000000000,-0.057624610,-0.361661134,0.500000000,0.000000000,0,0,40,0.450000000,0.000000000,-0.473516179,-0.462834570
GOLD_USD,TRY_JPY,False,8098,change,False,False,1.000000000,20,1,200,198,0.314015247,4.824377749,0.915887276,53.030303030,53.333333333,-287.400000000,1,1,1.000000000,-0.536171890,-0.536171890,0.000000000,0.000000000,0,0,40,0.175000000,0.000000000,-0.458398040,-0.462999446
GOLD_USD,UK100_Futures,False,289,stoch,False,False,30.000000000,20,1,50,159,0.904174088,4.776829401,2.386771743,55.974842767,66.666666667,-151.100000000,2,2,1.000000000,1.126467120,0.850928295,1.000000000,0.500000000,3,1,40,0.500000000,0.125000000,-0.458128217,-0.430698880
GOLD_USD,US30_Futures,False,2883,stoch,False,False,30.000000000,20,1,50,157,0.601025785,5.144093292,1.463976462,57.324840764,71.428571429,-450.800000000,2,2,1.000000000,0.457135564,0.015246364,1.000000000,0.000000000,4,0,40,0.475000000,0.100000000,-0.377587829,-0.399589215
GOLD_USD,USD_CAD,False,1701,change,True,False,1.000000000,20,1,200,187,0.625166924,4.996659754,1.710948818,58.823529412,80.000000000,-57.900000000,1,1,1.000000000,1.385411664,1.385411664,1.000000000,1.000000000,3,0,40,0.400000000,0.100000000,-0.421963536,-0.417344127
GOLD_USD,USD_CHF,False,3810,di,False,False,20.000000000,20,1,10,193,0.489066646,5.146770753,1.320115332,59.067357513,66.666666667,-365.500000000,1,1,1.000000000,1.665759789,1.665759789,1.000000000,1.000000000,2,0,38,0.421052632,0.052631579,-0.468229340,-0.429295465
GOLD_USD,USD_JPY,False,10856,sma,True,False,1.000000000,20,1,100,186,0.266090869,4.924134821,0.736981368,53.763440860,53.333333333,-160.800000000,2,2,1.000000000,-0.156496743,-0.487980985,0.500000000,0.000000000,0,0,36,0.166666667,0.000000000,-0.456989682,-0.452817158
GOLD_USD,USSPX500_Futures,False,3528,sma,False,False,1.000000000,20,1,100,206,0.490897923,5.169601913,1.362911649,53.398058252,66.666666667,-428.200000000,2,2,1.000000000,0.679209608,0.642577308,1.000000000,0.000000000,2,0,40,0.400000000,0.050000000,-0.453416582,-0.457235043
GOLD_USD,ZAR_JPY,False,9633,bb,True,False,1.500000000,20,1,15,207,0.283270096,5.026818037,0.810760792,53.140096618,73.333333333,-118.300000000,8,8,1.000000000,-0.056787548,-0.518701677,0.375000000,0.000000000,0,0,40,0.250000000,0.000000000,-0.460424781,-0.476854887
NQ100_Futures,AUD_JPY,False,5435,sma,False,False,1.000000000,20,1,10,232,0.533694593,7.130233090,1.140074069,51.724137931,46.666666667,-565.920000000,1,1,1.000000000,0.856845229,0.856845229,1.000000000,0.000000000,1,0,40,0.475000000,0.050000000,-0.061417971,-0.066431811
NQ100_Futures,AUD_NZD,False,796,di,False,False,20.000000000,20,1,10,158,1.010288597,6.295060600,2.017316680,51.265822785,60.000000000,-379.000000000,1,1,1.000000000,1.812139953,1.812139953,1.000000000,1.000000000,5,1,40,0.500000000,0.250000000,-0.058777428,-0.063209931
NQ100_Futures,AUD_USD,False,6825,bb,True,False,1.000000000,20,1,100,150,0.479762246,5.801475434,1.012822267,49.333333333,66.666666667,-738.000000000,5,5,1.000000000,0.033350708,-0.610012900,0.600000000,0.000000000,1,0,40,0.400000000,0.025000000,-0.062062060,-0.062588001
NQ100_Futures,CAD_JPY,False,1108,stoch,False,False,30.000000000,20,1,50,158,0.870723932,5.794227153,1.888919751,51.265822785,53.333333333,-405.200000000,2,2,1.000000000,0.433242854,0.293995348,1.000000000,0.000000000,4,0,40,0.500000000,0.175000000,-0.063022675,-0.063365122
NQ100_Futures,CBOE_Volatility_Index,False,4911,change,False,False,1.000000000,20,1,100,248,0.457149428,6.033977265,1.193109632,52.419354839,66.666666667,-607.000000000,2,2,1.000000000,0.373296493,0.177920316,1.000000000,0.000000000,1,0,42,0.500000000,0.023809524,-0.066155474,-0.060973570
NQ100_Futures,CHF_JPY,False,535,bb,False,False,1.500000000,20,1,15,226,0.977957498,6.821346621,2.155281902,55.752212389,80.000000000,-388.250000000,8,8,1.000000000,1.100887762,0.494302791,1.000000000,0.625000000,4,1,40,0.500000000,0.250000000,-0.061942593,-0.061591899
NQ100_Futures,COPPER_USD,False,1417,bb,True,False,1.500000000,20,1,10,235,0.813895757,6.989942715,1.784962510,51.914893617,66.666666667,-732.250000000,5,5,1.000000000,1.113800988,0.712062069,1.000000000,0.400000000,4,0,40,0.475000000,0.175000000,-0.065539767,-0.065830087
NQ100_Futures,EUR_AUD,False,2632,bb,False,False,2.000000000,20,1,15,156,0.733791524,6.078150913,1.507868648,57.692307692,86.666666667,-792.500000000,8,7,0.875000000,0.330004794,-0.743529505,0.500000000,0.250000000,3,0,42,0.500000000,0.142857143,-0.062612259,-0.062653359
NQ100_Futures,EUR_CHF,False,2796,change,False,False,1.000000000,20,1,100,153,0.708266836,5.911306445,1.482037348,58.823529412,60.000000000,-317.000000000,2,2,1.000000000,0.354773036,-0.587832601,0.500000000,0.500000000,2,0,18,0.500000000,0.111111111,-0.064448795,-0.066957527
NQ100_Futures,EUR_GBP,False,472,sma,False,False,1.000000000,20,1,15,169,1.117056859,6.616407913,2.194807115,55.029585799,60.000000000,-243.500000000,2,2,1.000000000,0.441754708,-0.358948343,0.500000000,0.500000000,4,2,40,0.500000000,0.200000000,-0.059463502,-0.058270382
NQ100_Futures,EUR_JPY,False,2737,change,False,False,1.000000000,20,1,100,207,0.638906814,6.161171782,1.491967543,52.657004831,53.333333333,-575.250000000,2,2,1.000000000,-0.138838855,-0.375759111,0.500000000,0.000000000,2,0,40,0.475000000,0.075000000,-0.060509677,-0.062558356
NQ100_Futures,EUR_NZD,False,3899,sma,False,False,1.000000000,20,1,15,237,0.539806635,6.354395977,1.307790314,54.852320675,60.000000000,-603.500000000,2,2,1.000000000,0.922583819,0.610382841,1.000000000,0.500000000,5,0,40,0.475000000,0.175000000,-0.064475709,-0.066747823
NQ100_Futures,EUR_USD,False,2044,change,False,False,1.000000000,20,1,100,196,0.701817321,6.040425733,1.626614236,58.163265306,53.333333333,-553.750000000,2,2,1.000000000,-0.370534939,-0.567595592,0.000000000,0.000000000,2,0,38,0.500000000,0.078947368,-0.062370547,-0.059350218
NQ100_Futures,GBP_AUD,False,6109,stoch,True,False,30.000000000,20,1,15,230,0.444849990,6.271116703,1.075802676,51.304347826,60.000000000,-1289.850000000,2,2,1.000000000,-0.184017151,-0.300990672,0.000000000,0.000000000,2,0,40,0.450000000,0.050000000,-0.060721636,-0.057733970
NQ100_Futures,GBP_CHF,False,2803,stoch,True,False,30.000000000,20,1,15,234,0.659772935,6.813164003,1.481336013,54.273504274,66.666666667,-513.500000000,2,2,1.000000000,0.370016934,0.234141597,1.000000000,0.000000000,4,0,38,0.500000000,0.210526316,-0.059858118,-0.063001747
NQ100_Futures,GBP_JPY,False,6352,change,False,False,1.000000000,20,1,100,208,0.418053362,5.728439005,1.052512094,53.365384615,66.666666667,-421.000000000,2,2,1.000000000,0.206386773,0.055444614,1.000000000,0.000000000,1,0,42,0.452380952,0.023809524,-0.060272452,-0.049907164
NQ100_Futures,GBP_USD,False,9040,change,False,False,1.000000000,20,1,100,193,0.402945429,6.570870085,0.851926264,51.813471503,60.000000000,-654.750000000,2,2,1.000000000,-0.610283747,-0.864122642,0.000000000,0.000000000,0,0,40,0.500000000,0.000000000,-0.061347015,-0.055666824
NQ100_Futures,GOLD_USD,False,2366,bb,True,False,1.500000000,20,1,10,240,0.706863316,7.027820391,1.558189992,51.250000000,73.333333333,-502.000000000,5,5,1.000000000,1.213675039,-0.313903520,0.800000000,0.600000000,1,0,36,0.500000000,0.055555556,-0.062391251,-0.063689338
NQ100_Futures,NQ100_Futures,True,4682,sma,False,False,1.000000000,20,1,100,210,0.551629060,6.565871468,1.217487210,53.809523810,60.000000000,-515.050000000,2,2,1.000000000,0.365206535,0.074275741,1.000000000,0.000000000,1,0,40,0.450000000,0.025000000,-0.063677582,-0.063199510
NQ100_Futures,NZD_JPY,False,9580,bb,False,False,1.000000000,20,1,10,273,0.317148545,6.433079350,0.814563860,52.014652015,73.333333333,-425.150000000,3,3,1.000000000,-0.379567247,-0.854495344,0.000000000,0.000000000,0,0,40,0.400000000,0.000000000,-0.064263638,-0.066211865
NQ100_Futures,NZD_USD,False,8370,di,True,False,20.000000000,20,1,10,187,0.392874822,5.991460863,0.896689891,49.732620321,66.666666667,-569.950000000,1,1,1.000000000,0.930538985,0.930538985,1.000000000,0.000000000,0,0,40,0.425000000,0.000000000,-0.063442878,-0.061684683
NQ100_Futures,OIL_USD,False,4580,bb,True,False,1.000000000,20,1,10,283,0.508589977,6.956113627,1.229969514,53.710247350,86.666666667,-122.500000000,3,3,1.000000000,0.921405723,0.851961163,1.000000000,0.000000000,1,0,40,0.475000000,0.050000000,-0.063411389,-0.063827950
NQ100_Futures,SILVER_USD,False,825,bb,True,False,1.500000000,20,1,10,227,0.834546569,6.273132365,2.004375349,51.541850220,80.000000000,-305.500000000,5,5,1.000000000,1.021180876,0.265257684,1.000000000,0.600000000,3,1,40,0.500000000,0.150000000,-0.064376252,-0.067738230
NQ100_Futures,TRY_JPY,False,4887,sma,True,False,1.000000000,20,1,200,197,0.520831137,6.114721866,1.195510363,55.329949239,73.333333333,-452.500000000,1,1,1.000000000,-0.096221686,-0.096221686,0.000000000,0.000000000,1,0,40,0.450000000,0.025000000,-0.064117676,-0.065397049
NQ100_Futures,UK100_Futures,False,5952,bb,False,False,1.500000000,20,1,15,216,0.451938325,6.095171962,1.089732954,52.314814815,60.000000000,-507.500000000,8,8,1.000000000,0.156134830,-0.687935116,0.750000000,0.125000000,3,0,40,0.500000000,0.100000000,-0.064248108,-0.063914459
NQ100_Futures,US30_Futures,False,13837,stoch,False,False,30.000000000,20,1,15,219,0.219309376,5.644361749,0.574995462,55.707762557,50.000000000,-398.950000000,2,2,1.000000000,0.173715596,0.131404002,1.000000000,0.000000000,0,0,40,0.375000000,0.000000000,-0.068228221,-0.065473588
NQ100_Futures,USD_CAD,False,8092,sma,False,False,1.000000000,20,1,200,179,0.412508800,6.022641839,0.916373868,50.279329609,66.666666667,-453.000000000,1,1,1.000000000,0.043730901,0.043730901,1.000000000,0.000000000,0,0,40,0.475000000,0.000000000,-0.062079264,-0.062408032
NQ100_Futures,USD_CHF,False,2015,stoch,True,False,30.000000000,20,1,15,236,0.690879023,6.503755121,1.631901071,54.661016949,66.666666667,-370.250000000,2,2,1.000000000,0.980455931,0.345287337,1.000000000,0.500000000,4,0,38,0.500000000,0.236842105,-0.063148078,-0.064884595
NQ100_Futures,USD_JPY,False,6905,change,True,False,1.000000000,20,1,100,209,0.442629884,6.365422742,1.005279030,52.631578947,66.666666667,-408.500000000,2,2,1.000000000,-0.415451389,-1.088278768,0.500000000,0.000000000,1,0,36,0.472222222,0.027777778,-0.062177134,-0.069065076
NQ100_Futures,USSPX500_Futures,False,4288,sma,False,False,1.000000000,20,1,200,194,0.488517663,5.393225053,1.261631700,56.185567010,66.666666667,-262.530000000,1,1,1.000000000,0.636516514,0.636516514,1.000000000,0.000000000,2,0,40,0.475000000,0.050000000,-0.065292957,-0.065143091
NQ100_Futures,ZAR_JPY,False,8742,bb,False,False,1.500000000,20,1,15,207,0.393604940,6.491644578,0.872350430,50.724637681,73.333333333,-473.500000000,8,8,1.000000000,0.219274027,-0.741748178,0.625000000,0.125000000,0,0,40,0.475000000,0.000000000,-0.064422223,-0.070870889
NZD_JPY,AUD_JPY,False,6297,sma,False,False,1.000000000,20,1,10,239,0.307578494,4.492979261,1.058328527,55.648535565,73.333333333,-3.481127864,1,1,1.000000000,0.732924658,0.732924658,1.000000000,0.000000000,1,0,40,0.475000000,0.025000000,-0.034562653,-0.033018038
NZD_JPY,AUD_NZD,False,661,bb,False,False,2.000000000,20,1,15,150,0.713624502,4.210733311,2.075666835,58.000000000,80.000000000,-12.394509820,8,7,0.875000000,0.427708966,-0.022725543,0.750000000,0.125000000,4,1,42,0.452380952,0.190476190,-0.032228136,-0.033537185
NZD_JPY,AUD_USD,False,3834,change,False,False,1.000000000,20,1,100,212,0.366341026,4.049271965,1.317275277,51.415094340,60.000000000,-10.380108244,2,2,1.000000000,0.365712085,-0.095247548,0.500000000,0.000000000,2,0,40,0.475000000,0.050000000,-0.033906491,-0.035088850
NZD_JPY,CAD_JPY,False,4183,bb,False,False,1.000000000,20,1,10,281,0.323382005,4.253918132,1.274324058,55.516014235,66.666666667,-5.165160404,3,3,1.000000000,-0.330258285,-1.098629291,0.333333333,0.000000000,2,0,40,0.450000000,0.075000000,-0.034086432,-0.034489360
NZD_JPY,CBOE_Volatility_Index,False,558,stoch,True,False,30.000000000,20,1,50,184,0.629996559,3.993464379,2.139918701,54.891304348,86.666666667,-7.961717648,2,2,1.000000000,1.620687737,1.420031843,1.000000000,1.000000000,4,1,42,0.500000000,0.166666667,-0.037518411,-0.037025820
NZD_JPY,CHF_JPY,False,2113,stoch,False,False,30.000000000,20,1,10,272,0.430689817,4.407660740,1.611539282,50.735294118,86.666666667,-7.213893188,1,1,1.000000000,1.409852591,1.409852591,1.000000000,1.000000000,3,0,40,0.500000000,0.125000000,-0.033402718,-0.032046628
NZD_JPY,COPPER_USD,False,2336,stoch,False,False,30.000000000,20,1,50,162,0.545775133,4.441435982,1.564039959,54.938271605,53.333333333,-6.683032796,2,2,1.000000000,-0.383079400,-0.388994520,0.000000000,0.000000000,3,0,40,0.500000000,0.075000000,-0.035715489,-0.036522305
NZD_JPY,EUR_AUD,False,16,bb,False,False,2.000000000,20,1,15,157,1.020837268,3.936383774,3.249442902,57.324840764,93.333333333,-8.673212640,8,7,0.875000000,0.403537500,-0.522771099,0.625000000,0.125000000,3,1,42,0.476190476,0.119047619,-0.034301795,-0.033892701
NZD_JPY,EUR_CHF,False,2108,bb,False,False,1.500000000,20,1,15,217,0.450715201,4.116571339,1.612859091,52.995391705,66.666666667,-8.699865460,8,8,1.000000000,-0.085168751,-1.206874362,0.375000000,0.125000000,1,0,20,0.400000000,0.100000000,-0.034192041,-0.037615098
NZD_JPY,EUR_GBP,False,174,sma,False,False,1.000000000,20,1,15,172,0.898361122,4.538151395,2.596188322,55.813953488,60.000000000,-8.556386748,2,2,1.000000000,1.540878675,1.070817766,1.000000000,1.000000000,5,2,40,0.500000000,0.275000000,-0.032043044,-0.028068510
NZD_JPY,EUR_JPY,False,905,bb,False,False,1.000000000,20,1,15,259,0.508687693,4.157239451,1.969228321,55.212355212,80.000000000,-9.508504012,5,5,1.000000000,0.709136686,-0.614390504,0.800000000,0.600000000,4,0,42,0.500000000,0.238095238,-0.033078312,-0.027550290
NZD_JPY,EUR_NZD,False,2052,bb,False,False,1.000000000,20,1,10,291,0.412512007,4.330511193,1.624964672,51.890034364,60.000000000,-6.324529588,3,3,1.000000000,0.722207334,0.133838832,1.000000000,0.333333333,4,0,42,0.476190476,0.238095238,-0.033404284,-0.029890606
NZD_JPY,EUR_USD,False,343,sma,False,False,1.000000000,20,1,200,192,0.701325632,4.198368383,2.314673732,54.166666667,60.000000000,-6.965088552,1,1,1.000000000,0.871071885,0.871071885,1.000000000,0.000000000,2,1,38,0.500000000,0.052631579,-0.033351088,-0.028588433
NZD_JPY,GBP_AUD,False,10359,change,True,False,1.000000000,20,1,50,212,0.227231552,4.324236625,0.765115702,53.773584906,66.666666667,-19.750080316,2,2,1.000000000,0.375911273,-0.001455859,0.500000000,0.000000000,0,0,40,0.400000000,0.000000000,-0.032958783,-0.038103947
NZD_JPY,GBP_CHF,False,590,di,True,False,20.000000000,20,1,10,186,0.673775646,4.339320196,2.117630014,54.301075269,86.666666667,-19.915894332,1,1,1.000000000,1.392353876,1.392353876,1.000000000,1.000000000,5,1,40,0.475000000,0.250000000,-0.032283399,-0.034539204
NZD_JPY,GBP_JPY,False,2425,bb,True,False,2.000000000,20,1,15,152,0.560858262,4.472165121,1.546169442,54.605263158,53.333333333,-13.870047124,8,7,0.875000000,0.622474255,-0.508790059,0.750000000,0.250000000,2,0,42,0.500000000,0.071428571,-0.033717578,-0.029669201
NZD_JPY,GBP_USD,False,2342,bb,True,False,1.500000000,20,1,10,239,0.449852249,4.449560302,1.562973984,53.138075314,60.000000000,-11.476609712,5,5,1.000000000,1.339347540,0.578314404,1.000000000,0.600000000,3,0,42,0.476190476,0.166666667,-0.032837422,-0.036827595
NZD_JPY,GOLD_USD,False,1120,sma,False,False,1.000000000,20,1,200,197,0.563559408,4.199035127,1.883750191,56.345177665,73.333333333,-5.272256984,1,1,1.000000000,0.486927363,0.486927363,1.000000000,0.000000000,3,0,40,0.500000000,0.075000000,-0.033527934,-0.027420553
NZD_JPY,NQ100_Futures,False,1032,di,False,False,20.000000000,20,1,10,188,0.505766624,3.613300758,1.919220965,56.382978723,80.000000000,-11.040737108,1,1,1.000000000,0.438407132,0.438407132,1.000000000,0.000000000,4,0,40,0.500000000,0.150000000,-0.035873755,-0.033826864
NZD_JPY,NZD_JPY,True,5550,bb,True,False,1.500000000,20,1,15,215,0.303702786,3.944024234,1.129089662,54.883720930,53.333333333,-8.126623441,8,8,1.000000000,0.160192956,-0.512226881,0.500000000,0.000000000,1,0,40,0.450000000,0.025000000,-0.035278763,-0.031324089
NZD_JPY,NZD_USD,False,6657,change,False,False,1.000000000,20,1,200,201,0.316700290,4.376701141,1.025887168,55.721393035,60.000000000,-15.211259532,1,1,1.000000000,-0.102726953,-0.102726953,0.000000000,0.000000000,1,0,40,0.500000000,0.025000000,-0.033829371,-0.034288807
NZD_JPY,OIL_USD,False,5345,bb,False,False,1.000000000,20,1,100,162,0.413956884,4.577968174,1.150905981,51.851851852,73.333333333,-9.629259064,5,5,1.000000000,0.772169800,0.131805240,1.000000000,0.200000000,1,0,40,0.500000000,0.050000000,-0.035577590,-0.039597581
NZD_JPY,SILVER_USD,False,873,change,False,False,1.000000000,20,1,100,227,0.568778684,4.324960535,1.981408820,51.101321586,80.000000000,-5.718772232,2,2,1.000000000,0.152320048,-0.022143693,0.500000000,0.000000000,1,0,42,0.428571429,0.023809524,-0.034838791,-0.033466123
NZD_JPY,TRY_JPY,False,1511,sma,True,False,1.000000000,20,1,200,200,0.530306777,4.262784450,1.759336051,54.500000000,80.000000000,-13.829834532,1,1,1.000000000,0.338163581,0.338163581,1.000000000,0.000000000,1,0,40,0.475000000,0.025000000,-0.035344315,-0.033881755
NZD_JPY,UK100_Futures,False,2609,sma,False,False,1.000000000,20,1,50,224,0.424514382,4.205152519,1.510896326,60.267857143,60.000000000,-6.056649504,2,2,1.000000000,0.931614542,0.353831803,1.000000000,0.500000000,3,0,42,0.500000000,0.166666667,-0.035215238,-0.031909458
NZD_JPY,US30_Futures,False,2152,stoch,False,False,30.000000000,20,1,15,223,0.456464129,4.254967377,1.602001253,52.914798206,78.571428571,-4.555531868,2,2,1.000000000,0.792472827,0.143928131,1.000000000,0.500000000,3,0,40,0.475000000,0.100000000,-0.032965773,-0.033466613
NZD_JPY,USD_CAD,False,6431,bb,False,False,1.500000000,20,1,15,229,0.304597152,4.412618865,1.044593121,51.965065502,73.333333333,-5.079945875,8,8,1.000000000,0.368266277,-0.020026005,0.875000000,0.000000000,1,0,40,0.500000000,0.025000000,-0.033059335,-0.039281745
NZD_JPY,USD_CHF,False,3977,stoch,True,False,30.000000000,20,1,50,163,0.453442541,4.458956971,1.298323096,49.079754601,73.333333333,-8.894060924,2,2,1.000000000,1.380669093,1.093671564,1.000000000,1.000000000,3,0,42,0.476190476,0.095238095,-0.033116206,-0.034771950
NZD_JPY,USD_JPY,False,7004,sma,False,False,1.000000000,20,1,15,204,0.297406431,4.264349731,0.996122210,55.392156863,46.666666667,-10.845135632,2,2,1.000000000,0.076147870,-0.090474657,0.500000000,0.000000000,0,0,38,0.473684211,0.000000000,-0.033598030,-0.034710135
NZD_JPY,USSPX500_Futures,False,2233,bb,False,False,1.000000000,20,1,200,150,0.521227006,4.028280786,1.584720968,60.000000000,66.666666667,-6.125676236,3,3,1.000000000,0.372767266,0.262304774,1.000000000,0.000000000,5,0,44,0.500000000,0.159090909,-0.035234481,-0.031441062
NZD_JPY,ZAR_JPY,False,6178,change,True,False,1.000000000,20,1,200,215,0.322477540,4.419830496,1.069825853,55.813953488,60.000000000,-28.124344248,1,1,1.000000000,0.755915337,0.755915337,1.000000000,0.000000000,1,0,40,0.475000000,0.025000000,-0.034889153,-0.035864594
NZD_USD,AUD_JPY,False,3152,stoch,False,False,30.000000000,20,1,50,163,0.386756982,3.481763289,1.418184462,53.374233129,73.333333333,-0.161386539,2,2,1.000000000,0.141789874,-0.016640878,0.500000000,0.000000000,1,0,40,0.400000000,0.025000000,-0.096936314,-0.098758800
NZD_USD,AUD_NZD,False,3337,sma,False,False,1.000000000,20,1,50,186,0.367541811,3.613937560,1.387019535,56.451612903,73.333333333,-0.038322191,2,2,1.000000000,0.446542247,0.338441888,1.000000000,0.000000000,3,0,42,0.380952381,0.095238095,-0.094652183,-0.115168578
NZD_USD,AUD_USD,False,2235,change,False,False,1.000000000,20,1,100,212,0.367736235,3.379961619,1.584136453,50.943396226,66.666666667,-0.153320436,2,2,1.000000000,0.473153466,-0.274024992,0.500000000,0.500000000,2,0,40,0.475000000,0.075000000,-0.096524236,-0.105418530
NZD_USD,CAD_JPY,False,6952,bb,False,False,1.000000000,20,1,10,281,0.220473111,3.691696467,1.001112314,53.024911032,66.666666667,-0.083167164,3,3,1.000000000,-0.365912391,-0.849227157,0.333333333,0.000000000,1,0,40,0.400000000,0.025000000,-0.097856972,-0.104679576
NZD_USD,CBOE_Volatility_Index,False,1928,stoch,True,False,30.000000000,20,1,50,184,0.385821512,3.163733002,1.654228602,55.978260870,60.000000000,-0.045496963,2,2,1.000000000,1.316112182,1.176466039,1.000000000,1.000000000,3,0,42,0.500000000,0.119047619,-0.108815067,-0.107538208
NZD_USD,CHF_JPY,False,720,stoch,False,False,30.000000000,20,1,50,159,0.602476347,3.701622552,2.052326398,57.232704403,66.666666667,-0.091987945,2,2,1.000000000,1.138356850,1.038101276,1.000000000,1.000000000,3,1,40,0.475000000,0.175000000,-0.094224254,-0.092735090
NZD_USD,COPPER_USD,False,2931,stoch,False,False,30.000000000,20,1,50,162,0.436490328,3.823161330,1.453146858,55.555555556,73.333333333,-0.061817879,2,2,1.000000000,-0.033570576,-0.186974108,0.500000000,0.000000000,3,0,40,0.325000000,0.075000000,-0.099566209,-0.112525147
NZD_USD,EUR_AUD,False,610,bb,False,False,2.000000000,20,1,15,157,0.615812426,3.660943687,2.107682675,53.503184713,80.000000000,-0.080285837,8,7,0.875000000,0.314971700,-1.230127479,0.750000000,0.125000000,2,1,42,0.428571429,0.071428571,-0.094815748,-0.091315528
NZD_USD,EUR_CHF,False,1971,bb,False,False,1.500000000,20,1,15,217,0.387465934,3.474246573,1.642868319,57.142857143,73.333333333,-0.067721408,8,8,1.000000000,0.106870140,-0.635482452,0.625000000,0.000000000,2,0,20,0.450000000,0.100000000,-0.096157443,-0.098056974
NZD_USD,EUR_GBP,False,165,di,False,False,20.000000000,20,1,10,184,0.693125665,3.596293693,2.614362106,54.347826087,86.666666667,-0.143435666,1,1,1.000000000,1.880251286,1.880251286,1.000000000,1.000000000,5,3,40,0.500000000,0.400000000,-0.090996328,-0.078118625
NZD_USD,EUR_JPY,False,1532,change,False,False,1.000000000,20,1,200,198,0.464190576,3.721792436,1.754998563,52.525252525,66.666666667,-0.059874004,1,1,1.000000000,1.247787487,1.247787487,1.000000000,1.000000000,4,0,42,0.476190476,0.261904762,-0.092672385,-0.089003453
NZD_USD,EUR_NZD,False,618,bb,False,False,2.000000000,20,1,15,151,0.609489913,3.563752399,2.101587485,50.331125828,66.666666667,-0.080687214,8,7,0.875000000,0.331794360,-0.688129766,0.500000000,0.250000000,4,1,42,0.476190476,0.214285714,-0.097586408,-0.097489224
NZD_USD,EUR_USD,False,863,sma,False,False,1.000000000,20,1,200,192,0.495508419,3.456855916,1.986188094,53.645833333,73.333333333,-0.079419005,1,1,1.000000000,0.832816577,0.832816577,1.000000000,0.000000000,4,0,38,0.500000000,0.157894737,-0.095813021,-0.106570204
NZD_USD,GBP_AUD,False,5694,bb,True,False,1.000000000,20,1,100,157,0.335024886,3.766586803,1.114497026,52.229299363,66.666666667,-0.137861476,5,5,1.000000000,0.918155275,0.043590160,1.000000000,0.400000000,1,0,40,0.475000000,0.025000000,-0.094357928,-0.088309855
NZD_USD,GBP_CHF,False,1208,sma,True,False,1.000000000,20,1,50,179,0.556611333,4.015462950,1.854568747,58.100558659,80.000000000,-0.116776398,2,2,1.000000000,1.424696944,1.201950095,1.000000000,1.000000000,5,0,40,0.500000000,0.325000000,-0.091004829,-0.076644567
NZD_USD,GBP_JPY,False,3348,bb,True,False,1.000000000,20,1,15,251,0.327594681,3.746515570,1.385307419,52.589641434,60.000000000,-0.059943745,5,5,1.000000000,0.151288632,-0.743241925,0.600000000,0.000000000,2,0,42,0.428571429,0.071428571,-0.095166949,-0.092861261
NZD_USD,GBP_USD,False,2439,bb,False,False,1.000000000,20,1,200,150,0.423100035,3.357222953,1.543506659,57.333333333,53.333333333,-0.112365473,3,3,1.000000000,0.201413578,-0.773261713,0.333333333,0.333333333,3,0,42,0.476190476,0.119047619,-0.094791433,-0.092894690
NZD_USD,GOLD_USD,False,1512,sma,False,False,1.000000000,20,1,200,197,0.442243176,3.528974530,1.758918553,56.345177665,66.666666667,-0.071134049,1,1,1.000000000,0.706592930,0.706592930,1.000000000,0.000000000,3,0,40,0.425000000,0.100000000,-0.097208850,-0.107689356
NZD_USD,NQ100_Futures,False,3521,bb,False,False,1.500000000,20,1,15,221,0.341848294,3.725295285,1.364171120,56.108597285,60.000000000,-0.081417011,8,8,1.000000000,0.334991602,-0.324623712,0.500000000,0.250000000,3,0,40,0.450000000,0.100000000,-0.102285862,-0.094269786
NZD_USD,NZD_JPY,False,3326,stoch,True,False,30.000000000,20,1,15,243,0.308578667,3.460118271,1.390202586,51.440329218,73.333333333,-0.074800733,2,2,1.000000000,-0.134984985,-0.908255478,0.500000000,0.000000000,3,0,40,0.425000000,0.075000000,-0.099708855,-0.099210100
NZD_USD,NZD_USD,True,9677,bb,False,False,1.000000000,20,1,100,162,0.237477499,3.741873708,0.807775819,55.555555556,53.333333333,-0.106693742,5,5,1.000000000,0.617481689,-0.300991195,0.800000000,0.400000000,0,0,40,0.375000000,0.000000000,-0.098275166,-0.111834358
NZD_USD,OIL_USD,False,2875,stoch,False,False,30.000000000,20,1,50,171,0.412921754,3.685625757,1.465057211,54.385964912,66.666666667,-0.069117584,2,2,1.000000000,1.194242761,0.500325083,1.000000000,0.500000000,3,0,40,0.500000000,0.125000000,-0.101846529,-0.120680072
NZD_USD,SILVER_USD,False,1533,change,False,False,1.000000000,20,1,100,227,0.435157753,3.736001573,1.754900929,55.506607930,73.333333333,-0.069729882,2,2,1.000000000,0.514157150,0.449471813,1.000000000,0.000000000,3,0,42,0.404761905,0.071428571,-0.099976065,-0.095102271
NZD_USD,TRY_JPY,False,2990,bb,True,False,1.000000000,20,1,100,159,0.430310261,3.761139183,1.442649598,53.459119497,66.666666667,-0.103323524,5,5,1.000000000,0.342261307,-0.015583573,0.800000000,0.000000000,2,0,40,0.400000000,0.050000000,-0.100714153,-0.103021016
NZD_USD,UK100_Futures,False,1858,bb,False,False,1.000000000,20,1,15,265,0.351446522,3.421794716,1.671969053,54.716981132,73.333333333,-0.070432893,5,5,1.000000000,0.989821072,0.519140366,1.000000000,0.600000000,4,0,42,0.476190476,0.190476190,-0.100507326,-0.087049954
NZD_USD,US30_Futures,False,5997,di,False,False,20.000000000,20,1,10,168,0.297425426,3.549808308,1.085995016,51.190476190,57.142857143,-0.076022123,1,1,1.000000000,0.651709607,0.651709607,1.000000000,0.000000000,1,0,40,0.400000000,0.025000000,-0.091703205,-0.095600133
NZD_USD,USD_CAD,False,4731,change,True,False,1.000000000,20,1,100,202,0.316536522,3.711187149,1.212234545,50.495049505,53.333333333,-0.141816012,2,2,1.000000000,0.313138253,-0.346149636,0.500000000,0.000000000,1,0,40,0.450000000,0.025000000,-0.095062072,-0.106189086
NZD_USD,USD_CHF,False,2272,stoch,True,False,30.000000000,20,1,50,163,0.459282308,3.720357688,1.576118338,50.920245399,73.333333333,-0.045908627,2,2,1.000000000,1.768718744,1.513996183,1.000000000,1.000000000,2,0,42,0.500000000,0.119047619,-0.094339853,-0.098904267
NZD_USD,USD_JPY,False,8037,bb,True,False,1.500000000,20,1,10,235,0.209487861,3.489009996,0.920429605,50.638297872,66.666666667,-0.102386238,5,5,1.000000000,0.120346223,-0.774552690,0.600000000,0.000000000,0,0,38,0.421052632,0.000000000,-0.096506652,-0.084169225
NZD_USD,USSPX500_Futures,False,5699,di,False,False,20.000000000,20,1,10,186,0.261045324,3.195585058,1.114094445,54.301075269,66.666666667,-0.110096376,1,1,1.000000000,0.964774002,0.964774002,1.000000000,0.000000000,1,0,44,0.454545455,0.022727273,-0.100048432,-0.083798401
NZD_USD,ZAR_JPY,False,11228,bb,False,False,1.500000000,20,1,10,237,0.168487349,3.623313293,0.715872340,54.852320675,53.333333333,-0.100472699,5,5,1.000000000,-0.392106730,-0.606692555,0.000000000,0.000000000,0,0,40,0.425000000,0.000000000,-0.099779976,-0.114133075
OIL_USD,AUD_JPY,False,409,bb,False,False,1.000000000,20,1,15,248,1.346605184,9.381544552,2.260433720,56.854838710,66.666666667,-7.540000000,5,5,1.000000000,1.177703079,0.611295445,1.000000000,0.600000000,4,1,40,0.500000000,0.250000000,-0.085243942,-0.079794513
OIL_USD,AUD_NZD,False,3522,bb,False,False,1.000000000,20,1,50,185,1.023210537,10.203048150,1.364020608,51.891891892,60.000000000,-21.810000000,5,5,1.000000000,1.222541006,0.634560278,1.000000000,0.800000000,4,0,40,0.500000000,0.225000000,-0.080147655,-0.068596384
OIL_USD,AUD_USD,False,665,change,False,False,1.000000000,20,1,200,196,1.393772492,9.406300981,2.074440839,54.591836735,73.333333333,-27.200000000,1,1,1.000000000,1.721959131,1.721959131,1.000000000,1.000000000,3,1,38,0.473684211,0.131578947,-0.084687727,-0.081806218
OIL_USD,CAD_JPY,False,1247,bb,False,False,1.500000000,20,1,15,208,1.237239064,9.686253174,1.842169023,55.769230769,73.333333333,-33.770000000,8,8,1.000000000,1.105082899,0.448535232,1.000000000,0.625000000,4,0,40,0.475000000,0.200000000,-0.083544664,-0.086284248
OIL_USD,CBOE_Volatility_Index,False,5,bb,True,False,1.000000000,20,1,100,163,2.641695724,9.405695309,3.585796917,56.441717791,73.333333333,-13.900000000,5,5,1.000000000,2.100728070,1.512137206,1.000000000,1.000000000,4,2,42,0.476190476,0.190476190,-0.090674842,-0.112045728
OIL_USD,CHF_JPY,False,2781,stoch,False,False,30.000000000,20,1,15,235,0.899580635,9.293857210,1.483809111,54.468085106,66.666666667,-16.440000000,2,2,1.000000000,0.620249716,0.296170832,1.000000000,0.000000000,3,0,40,0.475000000,0.100000000,-0.084637995,-0.078159133
OIL_USD,COPPER_USD,False,55,sma,False,False,1.000000000,20,1,100,207,1.897099980,9.408016017,2.901197831,53.623188406,80.000000000,-36.650000000,2,2,1.000000000,1.854210525,1.801324444,1.000000000,1.000000000,4,4,40,0.475000000,0.225000000,-0.088206131,-0.093224922
OIL_USD,EUR_AUD,False,2422,sma,True,False,1.000000000,20,1,100,193,1.176233434,10.565719315,1.546582548,54.404145078,66.666666667,-23.610000000,2,2,1.000000000,1.267305173,1.239792141,1.000000000,1.000000000,2,0,42,0.476190476,0.142857143,-0.081245182,-0.075977137
OIL_USD,EUR_CHF,False,298,bb,False,False,1.000000000,20,1,50,174,1.575587262,8.739361852,2.378139703,58.620689655,73.333333333,-24.870000000,5,5,1.000000000,1.967137143,1.285966400,1.000000000,1.000000000,2,2,18,0.500000000,0.277777778,-0.086174518,-0.067681959
OIL_USD,EUR_GBP,False,27,sma,False,False,1.000000000,20,1,15,169,2.252851523,9.365254679,3.127204844,61.538461538,86.666666667,-4.840000000,2,2,1.000000000,0.990813241,0.321473685,1.000000000,0.500000000,4,2,40,0.500000000,0.175000000,-0.083447388,-0.072034431
OIL_USD,EUR_JPY,False,974,bb,False,False,1.500000000,20,1,15,213,1.246367362,9.367550391,1.941823853,54.929577465,66.666666667,-22.550000000,8,8,1.000000000,0.678209930,0.060494715,1.000000000,0.250000000,4,0,40,0.450000000,0.125000000,-0.083898246,-0.081314757
OIL_USD,EUR_NZD,False,756,change,True,False,1.000000000,20,1,200,189,1.529415884,10.309825395,2.039413023,57.142857143,66.666666667,-58.820000000,1,1,1.000000000,1.619289810,1.619289810,1.000000000,1.000000000,2,2,40,0.475000000,0.075000000,-0.080503125,-0.070839526
OIL_USD,EUR_USD,False,2053,change,False,False,1.000000000,20,1,200,189,1.174072588,9.934426439,1.624736931,55.026455026,66.666666667,-17.090000000,1,1,1.000000000,1.115761734,1.115761734,1.000000000,1.000000000,3,0,38,0.447368421,0.131578947,-0.083784110,-0.077241338
OIL_USD,GBP_AUD,False,241,bb,True,False,1.000000000,20,1,100,155,1.893129223,9.555215138,2.466639255,61.290322581,66.666666667,-38.280000000,5,5,1.000000000,1.696925685,1.527759795,1.000000000,1.000000000,3,2,40,0.475000000,0.225000000,-0.081860035,-0.078901093
OIL_USD,GBP_CHF,False,5867,sma,True,False,1.000000000,20,1,15,186,0.832195962,10.341314360,1.097504567,56.451612903,66.666666667,-36.500000000,2,2,1.000000000,-0.257550503,-0.284607874,0.000000000,0.000000000,1,0,38,0.447368421,0.026315789,-0.081966103,-0.075625496
OIL_USD,GBP_JPY,False,4619,stoch,False,False,30.000000000,20,1,15,228,0.799564622,9.855546099,1.225011878,54.385964912,60.000000000,-24.760000000,2,2,1.000000000,0.172165172,0.112744012,1.000000000,0.000000000,2,0,42,0.476190476,0.047619048,-0.084354816,-0.072827155
OIL_USD,GBP_USD,False,6812,change,False,False,1.000000000,20,1,200,188,0.747813161,10.111994499,1.013993577,55.851063830,53.333333333,-29.720000000,1,1,1.000000000,0.321961898,0.321961898,1.000000000,0.000000000,1,0,40,0.400000000,0.025000000,-0.084623913,-0.094231580
OIL_USD,GOLD_USD,False,44,sma,False,False,1.000000000,20,1,200,192,2.056712460,9.572158522,2.977243195,57.812500000,93.333333333,-3.920000000,1,1,1.000000000,1.271488102,1.271488102,1.000000000,1.000000000,2,2,36,0.472222222,0.138888889,-0.085874160,-0.098466895
OIL_USD,NQ100_Futures,False,4999,bb,False,False,1.500000000,20,1,10,230,0.745718710,9.553849672,1.183751532,56.521739130,60.000000000,-11.610000000,5,5,1.000000000,0.465539704,-0.101773422,0.800000000,0.000000000,2,0,40,0.400000000,0.050000000,-0.086006478,-0.097484655
OIL_USD,NZD_JPY,False,4324,change,False,False,1.000000000,20,1,200,196,0.916238582,10.191364164,1.258648003,53.571428571,66.666666667,-63.770000000,1,1,1.000000000,0.042949066,0.042949066,1.000000000,0.000000000,1,0,40,0.475000000,0.025000000,-0.086391337,-0.091291910
OIL_USD,NZD_USD,False,175,change,False,False,1.000000000,20,1,200,194,1.736441963,9.339831690,2.589536802,56.701030928,60.000000000,-7.490000000,1,1,1.000000000,0.968367907,0.968367907,1.000000000,0.000000000,2,1,40,0.450000000,0.050000000,-0.083007465,-0.077278210
OIL_USD,OIL_USD,True,2468,stoch,False,False,30.000000000,20,1,50,168,1.122616115,9.458258016,1.538419428,55.357142857,46.666666667,-12.010000000,2,2,1.000000000,0.467858898,0.242574774,1.000000000,0.000000000,2,0,40,0.400000000,0.050000000,-0.088386115,-0.097284983
OIL_USD,SILVER_USD,False,290,change,False,False,1.000000000,20,1,100,224,1.541670408,9.668477413,2.386478129,59.375000000,66.666666667,-18.200000000,2,2,1.000000000,1.460995328,0.864077478,1.000000000,0.500000000,2,2,38,0.447368421,0.105263158,-0.087065502,-0.084650925
OIL_USD,TRY_JPY,False,3540,stoch,False,False,30.000000000,20,1,15,225,0.888305931,9.787208250,1.361428981,52.888888889,60.000000000,-19.800000000,2,2,1.000000000,-0.078554546,-0.659607235,0.500000000,0.000000000,2,0,40,0.450000000,0.100000000,-0.084124847,-0.069392228
OIL_USD,UK100_Futures,False,57,bb,False,False,1.000000000,20,1,100,163,2.075183433,9.177027749,2.887009739,59.509202454,66.666666667,-15.120000000,5,5,1.000000000,1.878855329,1.070420110,1.000000000,1.000000000,5,3,40,0.500000000,0.375000000,-0.087395926,-0.098757800
OIL_USD,US30_Futures,False,2060,sma,False,False,1.000000000,20,1,50,203,1.081358935,9.492176877,1.623125384,54.187192118,64.285714286,-27.130000000,2,2,1.000000000,0.703406189,-0.049670301,0.500000000,0.500000000,5,0,40,0.450000000,0.175000000,-0.072032311,-0.084961789
OIL_USD,USD_CAD,False,251,change,True,False,1.000000000,20,1,200,187,1.742954448,9.746373500,2.445478168,59.893048128,80.000000000,-25.680000000,1,1,1.000000000,1.014305003,1.014305003,1.000000000,1.000000000,1,1,40,0.500000000,0.050000000,-0.080012328,-0.072666001
OIL_USD,USD_CHF,False,707,change,True,False,1.000000000,20,1,200,191,1.387748385,9.324538648,2.056837874,56.020942408,66.666666667,-19.000000000,1,1,1.000000000,0.942667551,0.942667551,1.000000000,0.000000000,2,1,38,0.421052632,0.052631579,-0.085498630,-0.084642159
OIL_USD,USD_JPY,False,1242,sma,False,False,1.000000000,20,1,15,199,1.345820689,10.300847475,1.843065552,52.763819095,66.666666667,-41.210000000,2,2,1.000000000,0.569305260,0.252764273,1.000000000,0.000000000,5,0,36,0.500000000,0.277777778,-0.084796192,-0.075105947
OIL_USD,USSPX500_Futures,False,1525,sma,False,False,1.000000000,20,1,100,204,1.169742721,9.512141658,1.756414952,55.392156863,66.666666667,-46.630000000,2,2,1.000000000,0.779147234,0.557044113,1.000000000,0.500000000,4,0,40,0.475000000,0.125000000,-0.085172092,-0.094969710
OIL_USD,ZAR_JPY,False,2350,bb,False,False,1.500000000,20,1,10,233,0.962127855,9.408514100,1.560952576,53.648068670,73.333333333,-24.140000000,5,5,1.000000000,0.683138250,-0.074108237,0.800000000,0.200000000,2,0,40,0.400000000,0.075000000,-0.088258281,-0.085280530
SILVER_USD,AUD_JPY,False,36207,bb,False,False,1.000000000,20,1,100,159,-0.252669842,9.930620492,-0.320830454,42.767295597,46.666666667,-10.395000000,5,5,1.000000000,-0.851443406,-0.937519434,0.000000000,0.000000000,0,0,40,0.000000000,0.000000000,-1.558737741,-1.619798409
SILVER_USD,AUD_NZD,False,21066,sma,False,False,1.000000000,20,1,10,162,0.169856860,8.507023617,0.254134110,50.000000000,53.333333333,-2.954000000,1,1,1.000000000,-0.156445904,-0.156445904,0.000000000,0.000000000,0,0,42,0.071428571,0.000000000,-1.555746353,-1.506623921
SILVER_USD,AUD_USD,False,39034,sma,False,False,1.000000000,20,1,100,202,-0.288523853,9.560754488,-0.428909081,50.495049505,53.333333333,-9.296000000,2,2,1.000000000,-0.927174880,-0.967130288,0.000000000,0.000000000,0,0,40,0.000000000,0.000000000,-1.504614634,-1.559182154
SILVER_USD,CAD_JPY,False,32728,stoch,False,False,30.000000000,20,1,50,157,-0.143667222,9.321422221,-0.193119149,49.044585987,40.000000000,-9.823000000,2,2,1.000000000,-1.891957401,-2.322724093,0.000000000,0.000000000,0,0,40,0.000000000,0.000000000,-1.582172001,-1.547527557
SILVER_USD,CBOE_Volatility_Index,False,22180,bb,True,False,1.000000000,20,1,100,165,0.143585842,8.798847995,0.209617615,48.484848485,46.666666667,-5.482000000,5,5,1.000000000,-0.333553278,-0.802740303,0.200000000,0.000000000,0,0,42,0.047619048,0.000000000,-1.724869152,-1.920208850
SILVER_USD,CHF_JPY,False,29236,di,True,False,20.000000000,20,1,10,192,-0.042209910,9.132523985,-0.064043377,54.166666667,53.333333333,-6.851000000,1,1,1.000000000,-0.206571379,-0.206571379,0.000000000,0.000000000,0,0,40,0.000000000,0.000000000,-1.600216464,-1.497054006
SILVER_USD,COPPER_USD,False,8985,change,False,False,1.000000000,20,1,200,205,0.540497245,9.034670254,0.856560629,54.634146341,60.000000000,-1.623000000,1,1,1.000000000,-0.808580501,-0.808580501,0.000000000,0.000000000,0,0,40,0.075000000,0.000000000,-1.647188564,-1.763241892
SILVER_USD,EUR_AUD,False,14975,change,True,False,1.000000000,20,1,100,208,0.336664729,9.329822757,0.520422295,50.480769231,60.000000000,-5.531000000,2,2,1.000000000,-0.595332687,-1.173305068,0.000000000,0.000000000,0,0,42,0.047619048,0.000000000,-1.543977457,-1.381013733
SILVER_USD,EUR_CHF,False,33625,stoch,False,False,30.000000000,20,1,15,223,-0.139940486,9.334888301,-0.223865250,47.085201794,53.333333333,-4.969000000,2,2,1.000000000,-0.488828152,-0.855333479,0.000000000,0.000000000,0,0,18,0.000000000,0.000000000,-1.533369259,-1.396007559
SILVER_USD,EUR_GBP,False,13252,di,False,False,20.000000000,20,1,10,181,0.374526822,8.328964233,0.604966345,47.513812155,46.666666667,-5.368000000,1,1,1.000000000,0.005307191,0.005307191,1.000000000,0.000000000,0,0,40,0.150000000,0.000000000,-1.554231571,-1.467442521
SILVER_USD,EUR_JPY,False,49454,change,False,False,1.000000000,20,1,200,192,-0.602101977,9.468528589,-0.881126317,47.916666667,46.666666667,-12.276000000,1,1,1.000000000,-1.628263021,-1.628263021,0.000000000,0.000000000,0,0,40,0.000000000,0.000000000,-1.548124017,-1.543625588
SILVER_USD,EUR_NZD,False,28367,sma,True,False,1.000000000,20,1,200,189,-0.021561061,9.272204414,-0.031968189,50.264550265,46.666666667,-6.298000000,1,1,1.000000000,-0.348489994,-0.348489994,0.000000000,0.000000000,0,0,40,0.000000000,0.000000000,-1.578534300,-1.779332202
SILVER_USD,EUR_USD,False,24765,di,True,False,20.000000000,20,1,10,187,0.068327354,8.847725354,0.105604827,51.336898396,46.666666667,-4.602000000,1,1,1.000000000,-0.599100968,-0.599100968,0.000000000,0.000000000,0,0,38,0.026315789,0.000000000,-1.621499361,-1.638311702
SILVER_USD,GBP_AUD,False,15761,bb,True,False,1.000000000,20,1,100,155,0.385574860,9.935884448,0.483134473,52.903225806,46.666666667,-12.655000000,5,5,1.000000000,-0.263197243,-0.435961588,0.000000000,0.000000000,0,0,40,0.050000000,0.000000000,-1.537307712,-1.229503203
SILVER_USD,GBP_CHF,False,31198,bb,True,False,1.000000000,20,1,50,178,-0.090471486,8.741284398,-0.138084991,44.382022472,46.666666667,-10.853000000,5,5,1.000000000,-0.487290086,-1.779398335,0.200000000,0.200000000,0,0,38,0.000000000,0.000000000,-1.543268584,-1.609931347
SILVER_USD,GBP_JPY,False,19040,bb,True,False,1.000000000,20,1,100,151,0.238969326,8.697150148,0.337639824,52.317880795,46.666666667,-3.027000000,5,5,1.000000000,-0.183249641,-0.662867573,0.400000000,0.000000000,0,0,42,0.071428571,0.000000000,-1.595591710,-1.652878542
SILVER_USD,GBP_USD,False,8591,sma,True,False,1.000000000,20,1,15,199,0.563994609,9.016086456,0.882436418,51.256281407,66.666666667,-7.810000000,2,2,1.000000000,-0.045768300,-0.400092111,0.500000000,0.000000000,0,0,40,0.050000000,0.000000000,-1.587886809,-1.434741553
SILVER_USD,GOLD_USD,False,28862,change,False,False,1.000000000,20,1,200,196,-0.033685461,9.389946634,-0.050223549,54.591836735,46.666666667,-16.083000000,1,1,1.000000000,-0.566948362,-0.566948362,0.000000000,0.000000000,0,0,38,0.000000000,0.000000000,-1.653222828,-1.726328672
SILVER_USD,NQ100_Futures,False,24176,bb,False,False,1.000000000,20,1,100,163,0.088441568,8.792882615,0.128415948,50.306748466,66.666666667,-11.683000000,5,5,1.000000000,-0.056686195,-0.560307952,0.400000000,0.000000000,0,0,40,0.025000000,0.000000000,-1.634268760,-1.538530211
SILVER_USD,NZD_JPY,False,19657,bb,False,False,1.000000000,20,1,50,181,0.204503866,8.825415281,0.311749424,44.198895028,40.000000000,-5.270000000,5,5,1.000000000,-1.454785429,-2.922495069,0.000000000,0.000000000,0,0,40,0.075000000,0.000000000,-1.589336827,-1.582371879
SILVER_USD,NZD_USD,False,33272,bb,True,False,1.500000000,20,1,15,218,-0.141540200,9.854466964,-0.212067889,47.706422018,53.333333333,-10.197000000,8,8,1.000000000,-0.526625608,-2.297232906,0.250000000,0.125000000,0,0,40,0.000000000,0.000000000,-1.504930041,-1.484229721
SILVER_USD,OIL_USD,False,46795,stoch,False,False,30.000000000,20,1,50,170,-0.517003017,8.953364839,-0.752889527,50.588235294,33.333333333,-5.932000000,2,2,1.000000000,-0.958199548,-1.365049807,0.000000000,0.000000000,0,0,40,0.000000000,0.000000000,-1.689795138,-1.579721150
SILVER_USD,SILVER_USD,True,38913,change,False,False,1.000000000,20,1,100,225,-0.246552174,8.713048005,-0.424453372,45.333333333,40.000000000,-7.884000000,2,2,1.000000000,-1.671233768,-2.248431161,0.000000000,0.000000000,0,0,40,0.000000000,0.000000000,-1.726739099,-1.615255226
SILVER_USD,TRY_JPY,False,40558,di,True,False,20.000000000,20,1,10,168,-0.342488315,9.096679826,-0.487997380,41.666666667,53.333333333,-2.980000000,1,1,1.000000000,-2.889398755,-2.889398755,0.000000000,0.000000000,0,0,40,0.000000000,0.000000000,-1.619513595,-1.747309841
SILVER_USD,UK100_Futures,False,4388,stoch,False,False,30.000000000,20,1,50,159,0.855205974,8.618008291,1.251302697,54.088050314,53.333333333,-3.538000000,2,2,1.000000000,-0.172074798,-0.659717569,0.500000000,0.000000000,1,0,40,0.200000000,0.025000000,-1.635072675,-1.665108451
SILVER_USD,US30_Futures,False,15642,stoch,False,False,30.000000000,20,1,50,158,0.353809119,9.092959232,0.489093985,51.265822785,64.285714286,-10.622000000,2,2,1.000000000,-0.659610888,-1.177534977,0.000000000,0.000000000,0,0,40,0.075000000,0.000000000,-1.333365746,-1.471968781
SILVER_USD,USD_CAD,False,7497,change,True,False,1.000000000,20,1,200,188,0.636930117,9.103908351,0.959274351,56.382978723,60.000000000,-1.923000000,1,1,1.000000000,0.652441014,0.652441014,1.000000000,0.000000000,0,0,40,0.075000000,0.000000000,-1.516111004,-1.638683131
SILVER_USD,USD_CHF,False,26204,di,False,False,20.000000000,20,1,10,193,0.032961080,8.999353539,0.050882539,52.331606218,60.000000000,-5.858000000,1,1,1.000000000,1.034692151,1.034692151,1.000000000,1.000000000,0,0,38,0.026315789,0.000000000,-1.656692718,-1.599305231
SILVER_USD,USD_JPY,False,31964,sma,True,False,1.000000000,20,1,100,187,-0.107694778,8.897478684,-0.165519244,49.732620321,53.333333333,-8.886000000,2,2,1.000000000,-1.002237238,-1.484478933,0.000000000,0.000000000,0,0,36,0.000000000,0.000000000,-1.600706540,-1.572476889
SILVER_USD,USSPX500_Futures,False,14933,sma,False,False,1.000000000,20,1,100,206,0.340641213,9.351346014,0.522825395,49.029126214,60.000000000,-11.867000000,2,2,1.000000000,-0.481263682,-0.839472690,0.000000000,0.000000000,0,0,40,0.050000000,0.000000000,-1.597163438,-1.737894414
SILVER_USD,ZAR_JPY,False,34329,stoch,True,False,30.000000000,20,1,50,151,-0.190833839,9.328714829,-0.251374977,48.344370861,46.666666667,-5.032000000,2,2,1.000000000,-0.843213201,-1.224456534,0.000000000,0.000000000,0,0,40,0.000000000,0.000000000,-1.635455849,-1.742066569
TRY_JPY,AUD_JPY,False,259,bb,False,False,1.000000000,20,1,100,159,1.019574607,5.269329854,2.439844718,59.748427673,66.666666667,-13.796948942,5,5,1.000000000,2.245575668,1.767879685,1.000000000,1.000000000,5,3,40,0.500000000,0.500000000,-0.059232105,-0.065871867
TRY_JPY,AUD_NZD,False,1214,bb,False,False,2.000000000,20,1,15,150,0.922841095,6.100000858,1.852860229,58.000000000,73.333333333,-14.230525942,8,7,0.875000000,0.883255276,-0.250183377,0.750000000,0.500000000,5,0,42,0.500000000,0.238095238,-0.054913237,-0.056081598
TRY_JPY,AUD_USD,False,1286,stoch,False,False,30.000000000,20,1,50,166,0.778074530,5.477738132,1.830096442,54.216867470,66.666666667,-11.702176579,2,2,1.000000000,1.649178786,1.123006328,1.000000000,1.000000000,4,0,40,0.500000000,0.300000000,-0.058719230,-0.057648926
TRY_JPY,CAD_JPY,False,1855,sma,False,False,1.000000000,20,1,10,227,0.621099038,5.595690842,1.672322655,54.625550661,73.333333333,-5.278629320,1,1,1.000000000,1.046964646,1.046964646,1.000000000,1.000000000,5,0,40,0.500000000,0.225000000,-0.058764128,-0.060766320
TRY_JPY,CBOE_Volatility_Index,False,4,stoch,True,False,30.000000000,20,1,100,156,1.424100348,4.874911679,3.648683057,60.256410256,80.000000000,-10.041931443,2,2,1.000000000,3.723902701,3.449212634,1.000000000,1.000000000,5,2,42,0.500000000,0.333333333,-0.065295764,-0.071197809
TRY_JPY,CHF_JPY,False,573,change,False,False,1.000000000,20,1,100,212,0.800291384,5.466937593,2.131434326,53.773584906,53.333333333,-8.715450727,2,2,1.000000000,1.539607454,1.354116523,1.000000000,1.000000000,4,1,40,0.475000000,0.300000000,-0.057684904,-0.056288672
TRY_JPY,COPPER_USD,False,1948,stoch,False,False,30.000000000,20,1,50,162,0.709691506,5.478193390,1.648882676,60.493827160,66.666666667,-10.664129356,2,2,1.000000000,0.574203841,0.546651710,1.000000000,0.000000000,5,0,40,0.375000000,0.125000000,-0.061563153,-0.063462880
TRY_JPY,EUR_AUD,False,2999,stoch,True,False,30.000000000,20,1,50,155,0.644884678,5.571219405,1.441111704,51.612903226,66.666666667,-10.348951050,2,2,1.000000000,0.985186966,0.819066937,1.000000000,0.500000000,2,0,42,0.404761905,0.071428571,-0.057385394,-0.061327472
TRY_JPY,EUR_CHF,False,6822,bb,False,False,1.500000000,20,1,15,216,0.415513809,6.028130043,1.013047302,56.944444444,53.333333333,-29.160259771,8,8,1.000000000,0.074921899,-0.677087168,0.500000000,0.000000000,1,0,20,0.450000000,0.050000000,-0.055130690,-0.056008203
TRY_JPY,EUR_GBP,False,1443,sma,False,False,1.000000000,20,1,15,172,0.816403463,6.024640479,1.777206637,55.232558140,73.333333333,-18.850723649,2,2,1.000000000,0.919319329,0.563319396,1.000000000,0.500000000,4,0,40,0.500000000,0.125000000,-0.055663176,-0.051138045
TRY_JPY,EUR_JPY,False,193,change,False,False,1.000000000,20,1,100,210,0.920659491,5.235601062,2.548250600,57.619047619,60.000000000,-6.595062437,2,2,1.000000000,1.983746191,1.577783154,1.000000000,1.000000000,4,3,42,0.500000000,0.261904762,-0.056198904,-0.047018804
TRY_JPY,EUR_NZD,False,1386,change,True,False,1.000000000,20,1,200,195,0.655242046,5.099987547,1.794113638,55.897435897,60.000000000,-16.073390808,1,1,1.000000000,-0.188743698,-0.188743698,0.000000000,0.000000000,3,0,42,0.452380952,0.142857143,-0.057055839,-0.056995956
TRY_JPY,EUR_USD,False,679,sma,False,False,1.000000000,20,1,200,192,0.762449912,5.111050950,2.067053526,56.770833333,53.333333333,-15.373181686,1,1,1.000000000,1.423213237,1.423213237,1.000000000,1.000000000,2,1,38,0.473684211,0.105263158,-0.055754175,-0.058942746
TRY_JPY,GBP_AUD,False,1147,change,True,False,1.000000000,20,1,15,246,0.715590169,5.984303468,1.875505364,56.504065041,80.000000000,-5.245920392,2,2,1.000000000,1.049447044,0.969526494,1.000000000,0.500000000,5,0,40,0.500000000,0.325000000,-0.057954060,-0.053431661
TRY_JPY,GBP_CHF,False,4145,sma,True,False,1.000000000,20,1,100,181,0.541340651,5.701911375,1.277289864,53.591160221,60.000000000,-21.068407383,2,2,1.000000000,0.248232587,0.122307427,1.000000000,0.000000000,1,0,40,0.475000000,0.050000000,-0.057106303,-0.053265696
TRY_JPY,GBP_JPY,False,567,stoch,False,False,30.000000000,20,1,50,166,0.895741685,5.404702651,2.135330110,59.036144578,60.000000000,-14.574299519,2,2,1.000000000,1.353386122,1.073855289,1.000000000,1.000000000,4,1,42,0.476190476,0.261904762,-0.058170513,-0.051220884
TRY_JPY,GBP_USD,False,2047,sma,False,False,1.000000000,20,1,100,195,0.622414170,5.344968031,1.626116532,55.897435897,66.666666667,-19.054276194,2,2,1.000000000,0.570453248,0.002520820,1.000000000,0.500000000,3,0,42,0.476190476,0.095238095,-0.058336195,-0.065288878
TRY_JPY,GOLD_USD,False,10,sma,False,False,1.000000000,20,1,200,197,1.213344913,5.173675663,3.291684386,60.406091371,66.666666667,-4.123152832,1,1,1.000000000,0.077411262,0.077411262,1.000000000,0.000000000,2,2,40,0.425000000,0.075000000,-0.057938304,-0.059525582
TRY_JPY,NQ100_Futures,False,15,stoch,False,False,30.000000000,20,1,50,174,1.309829431,5.298730729,3.260750118,59.195402299,93.333333333,-5.905834779,2,2,1.000000000,3.145940571,2.446268592,1.000000000,1.000000000,5,5,40,0.500000000,0.500000000,-0.063154317,-0.059186216
TRY_JPY,NZD_JPY,False,950,change,False,False,1.000000000,20,1,200,202,0.719388091,5.235627860,1.952855722,56.435643564,66.666666667,-15.854664382,1,1,1.000000000,0.582976108,0.582976108,1.000000000,0.000000000,4,0,40,0.500000000,0.300000000,-0.057208778,-0.046558354
TRY_JPY,NZD_USD,False,1440,change,False,False,1.000000000,20,1,200,201,0.679172194,5.415550792,1.778014475,56.716417910,60.000000000,-24.426223678,1,1,1.000000000,0.673161919,0.673161919,1.000000000,0.000000000,2,0,40,0.475000000,0.050000000,-0.057015852,-0.061672378
TRY_JPY,OIL_USD,False,1672,stoch,False,False,30.000000000,20,1,50,171,0.705956830,5.377632503,1.716663128,55.555555556,60.000000000,-6.475086045,2,2,1.000000000,0.932368687,0.579117832,1.000000000,0.500000000,2,0,40,0.450000000,0.075000000,-0.060179359,-0.059283675
TRY_JPY,SILVER_USD,False,1873,change,False,False,1.000000000,20,1,100,227,0.549804458,4.963252862,1.668994033,55.506607930,73.333333333,-14.665353801,2,2,1.000000000,0.348746371,0.346160326,1.000000000,0.000000000,1,0,42,0.476190476,0.023809524,-0.061391485,-0.059427373
TRY_JPY,TRY_JPY,True,2432,bb,False,False,1.500000000,20,1,15,207,0.676044591,6.297103231,1.544613059,54.589371981,66.666666667,-8.284621494,8,8,1.000000000,1.399163423,0.510239288,1.000000000,0.875000000,5,0,40,0.500000000,0.275000000,-0.057750894,-0.053118216
TRY_JPY,UK100_Futures,False,81,sma,False,False,1.000000000,20,1,50,224,1.008104892,5.342242812,2.824269318,58.482142857,73.333333333,-15.983966470,2,2,1.000000000,1.608328095,1.170737273,1.000000000,1.000000000,4,2,42,0.500000000,0.357142857,-0.060037219,-0.060087425
TRY_JPY,US30_Futures,False,297,stoch,False,False,30.000000000,20,1,15,223,0.769791158,4.832604266,2.378724341,56.053811659,78.571428571,-4.233331594,2,2,1.000000000,1.706203019,1.525543361,1.000000000,1.000000000,5,3,40,0.500000000,0.400000000,-0.066155050,-0.064625998
TRY_JPY,USD_CAD,False,8610,change,True,False,1.000000000,20,1,200,192,0.348067579,5.473858087,0.881090773,54.166666667,60.000000000,-24.426223678,1,1,1.000000000,0.361630643,0.361630643,1.000000000,0.000000000,0,0,40,0.425000000,0.000000000,-0.055219376,-0.048879893
TRY_JPY,USD_CHF,False,319,sma,True,False,1.000000000,20,1,200,194,0.891713826,5.285302542,2.349938590,54.639175258,66.666666667,-15.373181686,1,1,1.000000000,1.443331095,1.443331095,1.000000000,1.000000000,3,1,42,0.452380952,0.119047619,-0.055574628,-0.057522905
TRY_JPY,USD_JPY,False,6534,sma,False,False,1.000000000,20,1,15,204,0.462138873,6.372321227,1.035833432,55.392156863,53.333333333,-9.079236545,2,2,1.000000000,0.540283080,0.487240821,1.000000000,0.000000000,1,0,38,0.447368421,0.026315789,-0.056825423,-0.060285622
TRY_JPY,USSPX500_Futures,False,25,bb,False,False,1.000000000,20,1,200,150,1.203950532,4.698017019,3.138626857,62.000000000,66.666666667,-11.347147658,3,3,1.000000000,1.975161206,1.679002314,1.000000000,1.000000000,5,5,44,0.500000000,0.477272727,-0.061867203,-0.062795189
TRY_JPY,ZAR_JPY,False,2275,change,True,False,1.000000000,20,1,200,215,0.564996491,5.257294787,1.575805642,55.348837209,73.333333333,-27.292976177,1,1,1.000000000,0.919292024,0.919292024,1.000000000,0.000000000,2,0,40,0.450000000,0.050000000,-0.061226165,-0.053915639
UK100_Futures,AUD_JPY,False,3481,bb,True,False,1.000000000,20,1,50,186,0.519217104,5.171009497,1.369399382,54.838709677,60.000000000,-323.000000000,5,5,1.000000000,0.868123055,0.318597793,1.000000000,0.400000000,2,0,40,0.450000000,0.050000000,-0.174007210,-0.172837782
UK100_Futures,AUD_NZD,False,953,di,False,False,20.000000000,20,1,10,158,0.598558506,3.854301733,1.952043268,53.164556962,66.666666667,-500.000000000,1,1,1.000000000,0.596388340,0.596388340,1.000000000,0.000000000,3,0,40,0.475000000,0.075000000,-0.170924476,-0.146257996
UK100_Futures,AUD_USD,False,1880,di,True,False,20.000000000,20,1,10,190,0.491051972,4.059924718,1.667194538,51.052631579,60.000000000,-519.000000000,1,1,1.000000000,1.292889515,1.292889515,1.000000000,1.000000000,4,0,40,0.450000000,0.100000000,-0.179175928,-0.182905430
UK100_Futures,CAD_JPY,False,8800,bb,False,False,1.000000000,20,1,100,157,0.341977575,4.931406387,0.868913732,50.318471338,53.333333333,-1599.000000000,5,5,1.000000000,0.450879649,-0.278135195,0.600000000,0.200000000,0,0,40,0.300000000,0.000000000,-0.178773793,-0.185119111
UK100_Futures,CBOE_Volatility_Index,False,4559,stoch,False,False,30.000000000,20,1,50,182,0.416947830,4.565142058,1.232148679,52.747252747,60.000000000,-1165.500000000,2,2,1.000000000,0.644564376,0.321493997,1.000000000,0.000000000,2,0,42,0.380952381,0.071428571,-0.199252015,-0.198620477
UK100_Futures,CHF_JPY,False,7950,change,True,False,1.000000000,20,1,50,218,0.289347044,4.614181770,0.925875511,49.082568807,60.000000000,-381.500000000,2,2,1.000000000,-0.525586626,-0.811338961,0.000000000,0.000000000,0,0,40,0.400000000,0.000000000,-0.183066622,-0.175954922
UK100_Futures,COPPER_USD,False,4175,di,True,False,20.000000000,20,1,10,197,0.415922092,4.579728890,1.274692211,52.284263959,73.333333333,-705.500000000,1,1,1.000000000,0.496469467,0.496469467,1.000000000,0.000000000,3,0,40,0.475000000,0.075000000,-0.189790052,-0.183334973
UK100_Futures,EUR_AUD,False,146,bb,False,False,2.000000000,20,1,15,157,1.018791208,4.826119976,2.645068360,56.050955414,86.666666667,-614.500000000,8,7,0.875000000,0.713349168,-0.487203694,0.750000000,0.375000000,5,1,42,0.476190476,0.309523810,-0.177575835,-0.188630457
UK100_Futures,EUR_CHF,False,5732,change,False,False,1.000000000,20,1,100,153,0.387038790,4.309147920,1.110986564,56.209150327,73.333333333,-1180.000000000,2,2,1.000000000,0.764035744,0.220213649,1.000000000,0.500000000,2,0,18,0.333333333,0.111111111,-0.188650567,-0.199879607
UK100_Futures,EUR_GBP,False,3793,di,False,False,20.000000000,20,1,10,182,0.445728714,4.546791895,1.322516897,56.593406593,73.333333333,-959.000000000,1,1,1.000000000,1.243215304,1.243215304,1.000000000,1.000000000,3,0,40,0.450000000,0.100000000,-0.173990915,-0.170088648
UK100_Futures,EUR_JPY,False,3097,bb,True,False,2.000000000,20,1,15,150,0.483770516,4.155283368,1.425884604,54.000000000,60.000000000,-1153.500000000,8,7,0.875000000,0.187597882,-0.597516098,0.500000000,0.125000000,2,0,42,0.380952381,0.047619048,-0.177663314,-0.179985593
UK100_Futures,EUR_NZD,False,541,bb,False,False,1.500000000,20,1,15,213,0.694680944,4.714731751,2.150394790,57.276995305,73.333333333,-888.500000000,8,8,1.000000000,1.481145050,0.911451006,1.000000000,0.875000000,5,2,40,0.425000000,0.300000000,-0.180814470,-0.170714747
UK100_Futures,EUR_USD,False,14201,bb,True,False,1.500000000,20,1,10,232,0.164879955,4.491900729,0.559089972,52.155172414,53.333333333,-878.500000000,5,5,1.000000000,0.268895252,-0.057395407,0.800000000,0.000000000,0,0,38,0.368421053,0.000000000,-0.181706279,-0.185386515
UK100_Futures,GBP_AUD,False,7925,change,False,False,1.000000000,20,1,100,201,0.304789108,4.659585963,0.927363808,51.741293532,53.333333333,-1341.500000000,2,2,1.000000000,0.066554081,-0.168574030,0.500000000,0.000000000,0,0,40,0.375000000,0.000000000,-0.173657571,-0.178178848
UK100_Futures,GBP_CHF,False,1817,bb,True,False,1.000000000,20,1,15,263,0.486074608,4.687162604,1.681786216,51.330798479,60.000000000,-1424.000000000,5,5,1.000000000,0.916432731,0.655282687,1.000000000,0.200000000,4,0,38,0.421052632,0.131578947,-0.169603932,-0.152467957
UK100_Futures,GBP_JPY,False,1002,bb,True,False,2.000000000,20,1,15,151,0.738885927,4.703864046,1.930239095,56.291390728,60.000000000,-475.000000000,8,7,0.875000000,0.753769627,-0.304750278,0.750000000,0.375000000,2,0,42,0.380952381,0.071428571,-0.172774470,-0.166391756
UK100_Futures,GBP_USD,False,1210,bb,True,False,1.500000000,20,1,10,232,0.550598299,4.523574416,1.853946163,53.879310345,80.000000000,-972.000000000,5,5,1.000000000,1.193061808,0.782861846,1.000000000,0.600000000,3,0,40,0.400000000,0.100000000,-0.179707343,-0.165296696
UK100_Futures,GOLD_USD,False,4597,bb,True,False,1.500000000,20,1,10,239,0.360274861,4.537426859,1.227505008,53.138075314,66.666666667,-417.000000000,5,5,1.000000000,1.072483870,0.393127138,1.000000000,0.600000000,2,0,36,0.472222222,0.083333333,-0.184339732,-0.175708922
UK100_Futures,NQ100_Futures,False,3537,bb,True,False,1.000000000,20,1,50,183,0.487409618,4.842238261,1.361675066,49.180327869,46.666666667,-962.000000000,5,5,1.000000000,0.821309142,0.372843177,1.000000000,0.200000000,2,0,40,0.375000000,0.050000000,-0.193781296,-0.186412656
UK100_Futures,NZD_JPY,False,1469,bb,True,False,1.500000000,20,1,15,211,0.542040106,4.448161968,1.770076582,49.763033175,60.000000000,-719.000000000,8,8,1.000000000,1.341379285,0.014978476,1.000000000,0.625000000,4,0,40,0.500000000,0.150000000,-0.181255474,-0.197366465
UK100_Futures,NZD_USD,False,788,di,True,False,20.000000000,20,1,10,188,0.661050299,4.482090045,2.022240729,48.404255319,73.333333333,-1125.500000000,1,1,1.000000000,1.453752726,1.453752726,1.000000000,1.000000000,4,1,40,0.475000000,0.175000000,-0.180730469,-0.168630548
UK100_Futures,OIL_USD,False,2725,di,True,False,20.000000000,20,1,10,191,0.526719497,4.873297482,1.493733616,52.879581152,53.333333333,-1238.000000000,1,1,1.000000000,0.447986032,0.447986032,1.000000000,0.000000000,2,0,40,0.475000000,0.050000000,-0.188760691,-0.182054251
UK100_Futures,SILVER_USD,False,271,bb,True,False,1.500000000,20,1,15,208,0.710075970,4.235519261,2.417852603,53.846153846,66.666666667,-775.500000000,8,8,1.000000000,1.577910861,0.917118920,1.000000000,0.750000000,4,1,40,0.450000000,0.225000000,-0.186971010,-0.190840098
UK100_Futures,TRY_JPY,False,13513,stoch,True,False,30.000000000,20,1,50,160,0.203092972,4.342626939,0.591564854,52.500000000,40.000000000,-1515.500000000,2,2,1.000000000,-0.121952568,-0.361232402,0.500000000,0.000000000,0,0,40,0.325000000,0.000000000,-0.183642319,-0.182789170
UK100_Futures,UK100_Futures,True,1589,stoch,True,False,30.000000000,20,1,50,161,0.684930298,5.005613477,1.736209004,48.447204969,66.666666667,-571.500000000,2,2,1.000000000,0.416112618,0.256863701,1.000000000,0.000000000,2,0,40,0.400000000,0.050000000,-0.185731904,-0.174673192
UK100_Futures,US30_Futures,False,4814,stoch,True,False,30.000000000,20,1,50,157,0.480717886,5.007024835,1.202985416,52.229299363,64.285714286,-1006.500000000,2,2,1.000000000,0.235353856,-0.459313526,0.500000000,0.000000000,2,0,40,0.450000000,0.050000000,-0.179859853,-0.186642078
UK100_Futures,USD_CAD,False,2969,bb,False,False,1.500000000,20,1,15,225,0.429236106,4.453450302,1.445742325,52.444444444,73.333333333,-659.500000000,8,8,1.000000000,0.941829103,0.397070617,1.000000000,0.375000000,3,0,40,0.475000000,0.075000000,-0.173818252,-0.158570948
UK100_Futures,USD_CHF,False,9451,bb,True,False,1.000000000,20,1,15,264,0.224939024,4.443527122,0.822505736,54.166666667,53.333333333,-761.000000000,5,5,1.000000000,-0.121738578,-0.557068268,0.400000000,0.000000000,0,0,40,0.375000000,0.000000000,-0.185320135,-0.180564699
UK100_Futures,USD_JPY,False,5831,change,True,False,1.000000000,20,1,100,209,0.321606611,4.223699754,1.100791513,53.110047847,66.666666667,-687.000000000,2,2,1.000000000,-0.277723693,-0.454801455,0.000000000,0.000000000,1,0,36,0.333333333,0.027777778,-0.179205958,-0.167724307
UK100_Futures,USSPX500_Futures,False,4062,bb,True,False,1.500000000,20,1,15,219,0.375023910,4.310806869,1.287426514,50.684931507,73.333333333,-1146.500000000,8,8,1.000000000,0.765030057,-0.477902468,0.750000000,0.375000000,3,0,42,0.404761905,0.095238095,-0.187931515,-0.186132479
UK100_Futures,ZAR_JPY,False,3208,bb,True,False,1.000000000,20,1,50,191,0.500824692,4.902357675,1.411878817,51.832460733,60.000000000,-680.000000000,5,5,1.000000000,0.394906391,-0.020587629,0.800000000,0.000000000,1,0,38,0.394736842,0.026315789,-0.193319178,-0.170889756
US30_Futures,AUD_JPY,False,6523,sma,False,False,1.000000000,20,1,100,191,0.346256607,4.615381593,1.036829009,57.068062827,50.000000000,-1740.000000000,2,2,1.000000000,0.414242620,0.273220409,1.000000000,0.000000000,2,0,36,0.444444444,0.055555556,-0.113398705,-0.109196933
US30_Futures,AUD_NZD,False,3955,change,True,False,1.000000000,20,1,200,184,0.375935284,3.918960020,1.301221313,54.891304348,57.142857143,-1895.000000000,1,1,1.000000000,-0.368466859,-0.368466859,0.000000000,0.000000000,2,0,36,0.333333333,0.083333333,-0.105748317,-0.110997376
US30_Futures,AUD_USD,False,2274,di,True,False,20.000000000,20,1,10,176,0.438306022,3.689979509,1.575831643,53.977272727,71.428571429,-1232.200000000,1,1,1.000000000,0.204502437,0.204502437,1.000000000,0.000000000,2,0,38,0.421052632,0.052631579,-0.115104186,-0.119814919
US30_Futures,CAD_JPY,False,10375,sma,False,False,1.000000000,20,1,100,190,0.260542490,4.702417877,0.763719960,48.947368421,57.142857143,-3032.000000000,2,2,1.000000000,0.317640373,0.044321711,1.000000000,0.000000000,0,0,36,0.472222222,0.000000000,-0.114535931,-0.130861120
US30_Futures,CBOE_Volatility_Index,False,4394,bb,False,False,1.500000000,20,1,15,201,0.369213343,4.186986617,1.250183734,52.736318408,71.428571429,-726.000000000,8,8,1.000000000,0.316184454,-0.455929888,0.750000000,0.125000000,1,0,40,0.350000000,0.025000000,-0.125493818,-0.138411526
US30_Futures,CHF_JPY,False,2599,bb,False,False,1.500000000,20,1,15,210,0.452585235,4.336696782,1.512345337,52.380952381,71.428571429,-1396.000000000,8,8,1.000000000,0.631123561,-0.439155381,0.875000000,0.250000000,2,0,38,0.447368421,0.157894737,-0.115768666,-0.111439260
US30_Futures,COPPER_USD,False,5957,change,False,False,1.000000000,20,1,50,214,0.301823737,4.053327288,1.089302767,53.738317757,50.000000000,-2192.000000000,2,2,1.000000000,0.244965471,0.144360342,1.000000000,0.000000000,2,0,36,0.361111111,0.055555556,-0.120754778,-0.120548943
US30_Futures,EUR_AUD,False,245,bb,False,False,1.500000000,20,1,15,199,0.767101701,4.401047549,2.458801239,54.271356784,78.571428571,-613.000000000,8,8,1.000000000,1.256150876,-0.230118106,0.750000000,0.625000000,5,2,36,0.500000000,0.277777778,-0.114026630,-0.104057204
US30_Futures,EUR_CHF,False,4850,bb,True,False,1.000000000,20,1,10,264,0.329468496,4.463120857,1.199436357,52.651515152,71.428571429,-2183.000000000,3,3,1.000000000,0.279816319,0.099521401,1.000000000,0.000000000,1,0,16,0.500000000,0.062500000,-0.117587516,-0.104948497
US30_Futures,EUR_GBP,False,276,sma,False,False,1.000000000,20,1,15,153,0.888817556,4.564856925,2.408414148,54.901960784,57.142857143,-834.000000000,2,2,1.000000000,0.829703378,0.021195692,1.000000000,0.500000000,5,3,36,0.472222222,0.250000000,-0.107396555,-0.104748564
US30_Futures,EUR_JPY,False,8047,bb,False,False,1.500000000,20,1,10,223,0.256039588,4.156997109,0.919771246,48.430493274,71.428571429,-1299.000000000,5,5,1.000000000,0.545201109,-0.154781504,0.800000000,0.000000000,0,0,40,0.450000000,0.000000000,-0.112462467,-0.094632870
US30_Futures,EUR_NZD,False,3958,stoch,False,False,30.000000000,20,1,15,222,0.386295017,4.424884496,1.300749460,53.603603604,64.285714286,-1965.300000000,2,2,1.000000000,0.267367447,-0.261785688,0.500000000,0.000000000,4,0,38,0.500000000,0.105263158,-0.113402920,-0.103819591
US30_Futures,EUR_USD,False,3256,bb,False,False,1.000000000,20,1,50,172,0.455320575,4.252441322,1.404245914,52.906976744,64.285714286,-1375.000000000,5,5,1.000000000,0.871805555,-0.002035373,0.800000000,0.600000000,2,0,38,0.447368421,0.052631579,-0.111047131,-0.113583798
US30_Futures,GBP_AUD,False,5887,change,True,False,1.000000000,20,1,50,191,0.327692776,4.132608773,1.095870556,57.591623037,71.428571429,-1923.000000000,2,2,1.000000000,0.127049051,-0.043411535,0.500000000,0.000000000,1,0,38,0.421052632,0.026315789,-0.111987574,-0.118403415
US30_Futures,GBP_CHF,False,437,sma,True,False,1.000000000,20,1,15,171,0.751351336,4.406324824,2.229793313,55.555555556,78.571428571,-2547.000000000,2,2,1.000000000,0.615790611,0.358530159,1.000000000,0.000000000,5,2,36,0.500000000,0.277777778,-0.108848485,-0.088187989
US30_Futures,GBP_JPY,False,7374,change,False,False,1.000000000,20,1,100,195,0.297188475,4.286409926,0.968178795,52.820512821,50.000000000,-2321.000000000,2,2,1.000000000,0.263292019,0.234817441,1.000000000,0.000000000,0,0,38,0.473684211,0.000000000,-0.107092528,-0.118021390
US30_Futures,GBP_USD,False,7987,sma,False,False,1.000000000,20,1,100,180,0.295708512,4.293341279,0.924069563,54.444444444,50.000000000,-2300.000000000,2,2,1.000000000,0.381864955,-0.004789089,0.500000000,0.000000000,0,0,38,0.421052632,0.000000000,-0.112761316,-0.120135230
US30_Futures,GOLD_USD,False,4716,bb,True,False,1.500000000,20,1,10,219,0.360932096,4.400350166,1.213836867,55.251141553,64.285714286,-1622.000000000,5,5,1.000000000,0.877298291,-0.113386718,0.800000000,0.400000000,2,0,36,0.472222222,0.055555556,-0.112272990,-0.117444149
US30_Futures,NQ100_Futures,False,3340,sma,False,False,1.000000000,20,1,100,198,0.427595878,4.338652115,1.386791838,56.060606061,57.142857143,-2898.000000000,2,2,1.000000000,0.200947175,-0.481911614,0.500000000,0.000000000,2,0,40,0.400000000,0.050000000,-0.120108249,-0.117824293
US30_Futures,NZD_JPY,False,5241,di,True,False,20.000000000,20,1,10,168,0.345671816,3.861305823,1.160337725,51.190476190,85.714285714,-2418.200000000,1,1,1.000000000,0.720792897,0.720792897,1.000000000,0.000000000,2,0,38,0.447368421,0.052631579,-0.117239651,-0.118552507
US30_Futures,NZD_USD,False,6790,sma,False,False,1.000000000,20,1,200,185,0.298404263,3.995007856,1.015952140,55.135135135,50.000000000,-2104.000000000,1,1,1.000000000,0.838043781,0.838043781,1.000000000,0.000000000,1,0,40,0.350000000,0.025000000,-0.115817398,-0.113828396
US30_Futures,OIL_USD,False,1559,stoch,False,False,30.000000000,20,1,50,160,0.618922332,4.481650227,1.746860342,56.875000000,64.285714286,-1164.000000000,2,2,1.000000000,0.786304837,0.417648056,1.000000000,0.500000000,2,0,40,0.475000000,0.050000000,-0.117082379,-0.111130153
US30_Futures,SILVER_USD,False,379,bb,True,False,1.500000000,20,1,10,208,0.693743021,4.365516478,2.291894712,54.807692308,78.571428571,-1869.000000000,5,5,1.000000000,1.628512229,1.093614186,1.000000000,1.000000000,4,1,36,0.500000000,0.277777778,-0.118687455,-0.121764726
US30_Futures,TRY_JPY,False,15031,change,False,False,1.000000000,20,1,10,254,0.151517295,4.663600241,0.517794877,50.000000000,42.857142857,-1271.000000000,1,1,1.000000000,0.117922885,0.117922885,1.000000000,0.000000000,0,0,34,0.411764706,0.000000000,-0.117089957,-0.112063499
US30_Futures,UK100_Futures,False,6100,sma,False,False,1.000000000,20,1,200,193,0.329794164,4.255229484,1.076709720,58.549222798,64.285714286,-3577.000000000,1,1,1.000000000,0.696590532,0.696590532,1.000000000,0.000000000,1,0,40,0.375000000,0.025000000,-0.116764393,-0.117271852
US30_Futures,US30_Futures,True,10996,bb,True,False,1.500000000,20,1,15,198,0.215999848,4.170467437,0.728788156,48.989898990,64.285714286,-1395.000000000,8,8,1.000000000,0.597217213,-0.118185975,0.875000000,0.250000000,0,0,40,0.375000000,0.000000000,-0.115079694,-0.110768619
US30_Futures,USD_CAD,False,8200,change,False,False,1.000000000,20,1,10,225,0.288325395,4.761563021,0.908290180,51.111111111,64.285714286,-1471.000000000,1,1,1.000000000,-0.177383967,-0.177383967,0.000000000,0.000000000,0,0,40,0.375000000,0.000000000,-0.109613293,-0.112919679
US30_Futures,USD_CHF,False,2069,bb,True,False,1.000000000,20,1,10,258,0.459309180,4.552451483,1.620576932,55.038759690,78.571428571,-1693.000000000,3,3,1.000000000,0.731827806,0.134560531,1.000000000,0.333333333,4,0,36,0.500000000,0.194444444,-0.116438316,-0.110618030
US30_Futures,USD_JPY,False,11849,change,False,False,1.000000000,20,1,50,193,0.210327911,4.285363495,0.681848513,48.186528497,50.000000000,-2438.000000000,2,2,1.000000000,-0.534447232,-0.651397986,0.000000000,0.000000000,0,0,36,0.444444444,0.000000000,-0.109642151,-0.110901387
US30_Futures,USSPX500_Futures,False,3638,sma,False,False,1.000000000,20,1,200,190,0.395520161,4.051681736,1.345581794,59.473684211,50.000000000,-1371.000000000,1,1,1.000000000,0.734621951,0.734621951,1.000000000,0.000000000,3,0,40,0.500000000,0.100000000,-0.118454399,-0.124315367
US30_Futures,ZAR_JPY,False,3149,sma,False,False,1.000000000,20,1,200,197,0.456619996,4.517292611,1.418762876,51.269035533,42.857142857,-1870.000000000,1,1,1.000000000,1.269391651,1.269391651,1.000000000,1.000000000,1,0,34,0.470588235,0.058823529,-0.118724609,-0.111850718
USD_CAD,AUD_JPY,False,25692,stoch,True,False,30.000000000,20,1,50,163,0.014563006,2.679745053,0.069382725,46.012269939,46.666666667,-0.207747650,2,2,1.000000000,-0.792083416,-0.819550539,0.000000000,0.000000000,0,0,40,0.075000000,0.000000000,-0.793986612,-0.845089157
USD_CAD,AUD_NZD,False,3875,bb,True,False,1.000000000,20,1,100,159,0.240291290,2.309729162,1.311823883,54.716981132,73.333333333,-0.273766977,5,5,1.000000000,0.636238823,-0.184588583,0.800000000,0.200000000,1,0,42,0.428571429,0.023809524,-0.824609934,-0.882433720
USD_CAD,AUD_USD,False,11869,change,True,False,1.000000000,20,1,100,212,0.111026129,2.373259426,0.681158085,50.000000000,46.666666667,-0.170592974,2,2,1.000000000,-0.088455622,-0.352776687,0.500000000,0.000000000,0,0,40,0.150000000,0.000000000,-0.778653769,-0.812405015
USD_CAD,CAD_JPY,False,17511,stoch,False,False,30.000000000,20,1,15,245,0.068057841,2.639113262,0.403648351,50.204081633,46.666666667,-0.132005405,2,2,1.000000000,-0.975600339,-1.441538363,0.000000000,0.000000000,0,0,40,0.025000000,0.000000000,-0.805851293,-0.737794025
USD_CAD,CBOE_Volatility_Index,False,7124,di,False,False,20.000000000,20,1,10,192,0.156804971,2.203596031,0.986003508,50.000000000,46.666666667,-0.056645388,1,1,1.000000000,1.198047747,1.198047747,1.000000000,1.000000000,0,0,42,0.119047619,0.000000000,-0.916690721,-0.957915798
USD_CAD,CHF_JPY,False,14292,di,False,False,20.000000000,20,1,10,194,0.116840565,2.933433552,0.554776758,45.876288660,53.333333333,-0.113103593,1,1,1.000000000,-0.522059398,-0.522059398,0.000000000,0.000000000,0,0,40,0.125000000,0.000000000,-0.784251849,-0.806740654
USD_CAD,COPPER_USD,False,1422,bb,True,False,1.000000000,20,1,100,164,0.325588916,2.338583360,1.782948012,53.048780488,60.000000000,-0.093718753,5,5,1.000000000,1.731603527,0.743597186,1.000000000,0.800000000,3,0,40,0.350000000,0.075000000,-0.831081615,-0.928769173
USD_CAD,EUR_AUD,False,9820,bb,True,False,1.500000000,20,1,15,219,0.130254017,2.418598445,0.796983655,48.401826484,60.000000000,-0.103847375,8,8,1.000000000,-0.507171682,-1.398214686,0.250000000,0.000000000,0,0,42,0.238095238,0.000000000,-0.781387281,-0.831937116
USD_CAD,EUR_CHF,False,3935,bb,True,False,1.000000000,20,1,100,151,0.285363242,2.690128969,1.303507106,45.033112583,66.666666667,-0.081897013,5,5,1.000000000,0.522544146,0.114296645,1.000000000,0.200000000,1,0,20,0.400000000,0.050000000,-0.832315492,-0.707975014
USD_CAD,EUR_GBP,False,599,sma,True,False,1.000000000,20,1,15,172,0.408345464,2.535228403,2.112393716,51.744186047,80.000000000,-0.062483835,2,2,1.000000000,1.408764634,1.121800805,1.000000000,1.000000000,4,1,40,0.475000000,0.275000000,-0.775303633,-0.776386590
USD_CAD,EUR_JPY,False,7638,bb,True,False,1.500000000,20,1,15,217,0.150805625,2.340643848,0.949100214,51.612903226,60.000000000,-0.157533952,8,8,1.000000000,-0.023359464,-0.652207367,0.375000000,0.000000000,0,0,42,0.190476190,0.000000000,-0.790369008,-0.806797704
USD_CAD,EUR_NZD,False,7243,change,False,False,1.000000000,20,1,200,195,0.171076294,2.445241039,0.976979526,55.897435897,60.000000000,-0.187625586,1,1,1.000000000,0.485024229,0.485024229,1.000000000,0.000000000,0,0,42,0.285714286,0.000000000,-0.818163376,-0.785010715
USD_CAD,EUR_USD,False,9919,bb,True,False,1.000000000,20,1,50,189,0.148141932,2.575547446,0.790750273,49.206349206,66.666666667,-0.174370764,5,5,1.000000000,-0.196844616,-1.173894943,0.400000000,0.000000000,0,0,38,0.105263158,0.000000000,-0.764338904,-0.753009486
USD_CAD,GBP_AUD,False,3485,bb,False,False,1.000000000,20,1,50,187,0.236435205,2.361375456,1.369203187,55.080213904,66.666666667,-0.131828307,5,5,1.000000000,0.769951433,-0.041560174,0.800000000,0.600000000,2,0,40,0.400000000,0.075000000,-0.813087284,-0.777248162
USD_CAD,GBP_CHF,False,7398,bb,False,False,1.500000000,20,1,15,220,0.192117899,2.946851397,0.966987665,50.909090909,60.000000000,-0.174563380,8,8,1.000000000,0.061799663,-0.413466131,0.375000000,0.000000000,0,0,40,0.275000000,0.000000000,-0.733655570,-0.748898581
USD_CAD,GBP_JPY,False,10034,sma,False,False,1.000000000,20,1,200,191,0.132389250,2.332373491,0.784460910,53.926701571,60.000000000,-0.187614445,1,1,1.000000000,0.563177291,0.563177291,1.000000000,0.000000000,0,0,42,0.261904762,0.000000000,-0.794037589,-0.741312213
USD_CAD,GBP_USD,False,13796,di,False,False,20.000000000,20,1,10,192,0.109520446,2.628426215,0.577364433,51.041666667,46.666666667,-0.124638428,1,1,1.000000000,-0.281271496,-0.281271496,0.000000000,0.000000000,0,0,42,0.166666667,0.000000000,-0.774563420,-0.763101715
USD_CAD,GOLD_USD,False,18122,change,True,False,1.000000000,20,1,200,199,0.070902386,2.657234818,0.376406792,53.266331658,33.333333333,-0.148013021,1,1,1.000000000,0.370999888,0.370999888,1.000000000,0.000000000,0,0,40,0.125000000,0.000000000,-0.835522389,-0.878437717
USD_CAD,NQ100_Futures,False,18883,bb,True,False,1.500000000,20,1,15,221,0.060704947,2.631443556,0.342946331,45.701357466,46.666666667,-0.153613083,8,8,1.000000000,-0.180798694,-0.631616771,0.250000000,0.000000000,0,0,40,0.050000000,0.000000000,-0.844353526,-0.882882808
USD_CAD,NZD_JPY,False,17246,bb,False,False,1.500000000,20,1,10,230,0.072753199,2.659938363,0.414805437,52.173913043,60.000000000,-0.174834680,5,5,1.000000000,0.075660127,-0.484265103,0.600000000,0.000000000,0,0,40,0.100000000,0.000000000,-0.789091038,-0.730885399
USD_CAD,NZD_USD,False,21075,di,False,False,20.000000000,20,1,10,192,0.051871237,2.832912253,0.253713806,46.875000000,46.666666667,-0.087532411,1,1,1.000000000,-0.858956326,-0.858956326,0.000000000,0.000000000,0,0,40,0.100000000,0.000000000,-0.792056903,-0.803155878
USD_CAD,OIL_USD,False,4475,bb,True,False,1.000000000,20,1,100,162,0.242429464,2.486431123,1.240984839,55.555555556,60.000000000,-0.090764742,5,5,1.000000000,0.938956845,0.662667330,1.000000000,0.400000000,2,0,40,0.175000000,0.050000000,-0.826478861,-0.915205031
USD_CAD,SILVER_USD,False,4201,di,False,False,20.000000000,20,1,10,185,0.250239689,2.675135180,1.272319912,52.432432432,60.000000000,-0.128469271,1,1,1.000000000,-0.251544301,-0.251544301,0.000000000,0.000000000,1,0,42,0.166666667,0.023809524,-0.831565969,-0.817036831
USD_CAD,TRY_JPY,False,9886,change,True,False,1.000000000,20,1,200,202,0.130417311,2.338979480,0.792473074,48.019801980,53.333333333,-0.139207406,1,1,1.000000000,-0.539871417,-0.539871417,0.000000000,0.000000000,0,0,40,0.025000000,0.000000000,-0.823194407,-0.791002927
USD_CAD,UK100_Futures,False,2767,sma,True,False,1.000000000,20,1,50,224,0.225964354,2.275210601,1.486422740,51.339285714,60.000000000,-0.154428052,2,2,1.000000000,0.656988009,0.507688660,1.000000000,0.000000000,2,0,42,0.452380952,0.119047619,-0.872703246,-0.743958138
USD_CAD,US30_Futures,False,16349,di,True,False,20.000000000,20,1,10,168,0.081296515,2.319739152,0.454242136,48.809523810,57.142857143,-0.127275170,1,1,1.000000000,0.017455516,0.017455516,1.000000000,0.000000000,0,0,40,0.125000000,0.000000000,-0.800909368,-0.887383737
USD_CAD,USD_CAD,True,3779,change,False,False,1.000000000,20,1,100,202,0.229040770,2.458447875,1.324120395,54.455445545,66.666666667,-0.123408453,2,2,1.000000000,0.564579924,0.111187083,1.000000000,0.500000000,1,0,40,0.200000000,0.050000000,-0.760869598,-0.714358957
USD_CAD,USD_CHF,False,20625,stoch,False,False,30.000000000,20,1,50,163,0.057265634,2.692519233,0.271537031,48.466257669,60.000000000,-0.137149010,2,2,1.000000000,0.174069975,-0.166327714,0.500000000,0.000000000,0,0,42,0.023809524,0.000000000,-0.772922933,-0.786798810
USD_CAD,USD_JPY,False,13496,bb,False,False,1.000000000,20,1,100,153,0.120730310,2.521303624,0.592293384,56.209150327,60.000000000,-0.133077620,5,5,1.000000000,-0.011851795,-0.540066975,0.600000000,0.000000000,0,0,38,0.026315789,0.000000000,-0.804044069,-0.715064765
USD_CAD,USSPX500_Futures,False,20126,stoch,True,False,30.000000000,20,1,10,278,0.037942860,2.163985812,0.292346605,47.482014388,40.000000000,-0.083472396,1,1,1.000000000,-0.565417750,-0.565417750,0.000000000,0.000000000,0,0,44,0.113636364,0.000000000,-0.833008291,-0.812099103
USD_CAD,ZAR_JPY,False,12064,sma,True,False,1.000000000,20,1,200,206,0.126433040,2.709675049,0.669694877,47.087378641,66.666666667,-0.127302070,1,1,1.000000000,0.091995394,0.091995394,1.000000000,0.000000000,0,0,40,0.200000000,0.000000000,-0.856336268,-0.934690100
USD_CHF,AUD_JPY,False,6089,stoch,True,False,30.000000000,20,1,50,163,0.266664100,3.158997901,1.077727630,56.441717791,66.666666667,-0.165449311,2,2,1.000000000,-0.079246641,-0.795750584,0.500000000,0.000000000,1,0,40,0.450000000,0.025000000,-0.065427463,-0.072055019
USD_CHF,AUD_NZD,False,5499,sma,True,False,1.000000000,20,1,50,186,0.261621125,3.146336628,1.134028826,55.376344086,73.333333333,-0.133545877,2,2,1.000000000,0.111609116,0.050408246,1.000000000,0.000000000,1,0,42,0.428571429,0.023809524,-0.067188591,-0.076100235
USD_CHF,AUD_USD,False,2394,bb,True,False,1.000000000,20,1,100,154,0.425574344,3.399439778,1.553561488,54.545454545,66.666666667,-0.120736314,5,5,1.000000000,0.955275034,0.333968637,1.000000000,0.200000000,3,0,40,0.475000000,0.125000000,-0.070612466,-0.068818600
USD_CHF,CAD_JPY,False,2993,stoch,True,False,30.000000000,20,1,50,159,0.322494726,2.819809668,1.442119945,55.345911950,66.666666667,-0.103947233,2,2,1.000000000,-0.456196869,-1.236534578,0.500000000,0.000000000,4,0,40,0.475000000,0.125000000,-0.066902525,-0.060546846
USD_CHF,CBOE_Volatility_Index,False,2461,bb,False,False,1.000000000,20,1,100,166,0.355402836,2.973785158,1.539803645,56.024096386,66.666666667,-0.030728581,5,5,1.000000000,0.984757136,0.244349481,1.000000000,0.600000000,3,0,42,0.476190476,0.119047619,-0.075200735,-0.087064962
USD_CHF,CHF_JPY,False,5167,stoch,True,False,30.000000000,20,1,50,159,0.274417311,2.963513480,1.167624393,54.088050314,53.333333333,-0.086184344,2,2,1.000000000,0.221123761,0.039515428,1.000000000,0.000000000,1,0,40,0.375000000,0.025000000,-0.069828889,-0.064427694
USD_CHF,COPPER_USD,False,5650,bb,True,False,1.000000000,20,1,100,164,0.301985714,3.457728141,1.118452329,51.829268293,53.333333333,-0.136851445,5,5,1.000000000,0.849556692,-0.000922574,0.800000000,0.400000000,1,0,40,0.425000000,0.025000000,-0.073460144,-0.079852645
USD_CHF,EUR_AUD,False,2688,change,False,False,1.000000000,20,1,100,210,0.332542362,3.215951229,1.498466957,56.666666667,86.666666667,-0.173497423,2,2,1.000000000,0.199296069,0.160347132,1.000000000,0.000000000,4,0,42,0.500000000,0.119047619,-0.067865934,-0.065824248
USD_CHF,EUR_CHF,False,1736,bb,True,False,1.000000000,20,1,100,151,0.435871913,3.146508146,1.702231009,62.251655629,73.333333333,-0.137338546,5,5,1.000000000,1.039081231,0.401873612,1.000000000,0.800000000,2,0,20,0.500000000,0.200000000,-0.065549592,-0.063294745
USD_CHF,EUR_GBP,False,2582,bb,True,False,1.000000000,20,1,50,185,0.358922571,3.222783005,1.514800953,53.513513514,66.666666667,-0.116889696,5,5,1.000000000,0.779561967,0.106540243,1.000000000,0.200000000,2,0,40,0.500000000,0.050000000,-0.066101082,-0.075674790
USD_CHF,EUR_JPY,False,10135,bb,True,False,2.000000000,20,1,15,150,0.217063129,3.417387154,0.777924602,51.333333333,66.666666667,-0.114498750,8,7,0.875000000,0.240812278,-1.072854994,0.750000000,0.000000000,0,0,42,0.452380952,0.000000000,-0.066192557,-0.069855928
USD_CHF,EUR_NZD,False,936,stoch,False,False,30.000000000,20,1,50,174,0.448087615,3.019289379,1.957639975,56.321839080,73.333333333,-0.257227111,2,2,1.000000000,0.794122771,0.241097365,1.000000000,0.500000000,4,0,42,0.476190476,0.119047619,-0.069444404,-0.075765737
USD_CHF,EUR_USD,False,6207,change,True,False,1.000000000,20,1,100,200,0.243743926,3.228485616,1.067701723,55.500000000,66.666666667,-0.060019855,2,2,1.000000000,-0.073016154,-0.131792585,0.000000000,0.000000000,1,0,38,0.421052632,0.026315789,-0.068206001,-0.058153808
USD_CHF,GBP_AUD,False,988,bb,False,False,1.000000000,20,1,50,187,0.415437186,2.932667494,1.937150422,57.754010695,60.000000000,-0.100953722,5,5,1.000000000,1.439375276,0.229495797,1.000000000,0.800000000,4,0,40,0.475000000,0.275000000,-0.068393805,-0.069566962
USD_CHF,GBP_CHF,False,7835,stoch,False,False,30.000000000,20,1,50,151,0.264671415,3.479788217,0.934636418,52.980132450,66.666666667,-0.129834805,2,2,1.000000000,0.580612674,0.281971683,1.000000000,0.000000000,0,0,40,0.475000000,0.000000000,-0.065286968,-0.068471122
USD_CHF,GBP_JPY,False,4954,stoch,False,False,30.000000000,20,1,10,268,0.233475121,3.215458425,1.188680417,53.358208955,66.666666667,-0.160991490,1,1,1.000000000,1.049177658,1.049177658,1.000000000,1.000000000,4,0,42,0.500000000,0.119047619,-0.064731449,-0.064859112
USD_CHF,GBP_USD,False,4212,bb,False,False,1.000000000,20,1,100,163,0.284798912,2.860213959,1.271257729,54.601226994,66.666666667,-0.201061661,5,5,1.000000000,0.793827813,0.188913925,1.000000000,0.400000000,1,0,42,0.428571429,0.047619048,-0.066482163,-0.070230044
USD_CHF,GOLD_USD,False,2606,bb,True,False,1.000000000,20,1,50,169,0.341318880,2.936146134,1.511214102,57.988165680,86.666666667,-0.144997468,5,5,1.000000000,0.844967071,-0.106276273,0.800000000,0.400000000,2,0,40,0.475000000,0.100000000,-0.070051742,-0.073765087
USD_CHF,NQ100_Futures,False,5911,bb,True,False,1.500000000,20,1,15,221,0.202523732,2.754367585,1.093075501,53.846153846,73.333333333,-0.242981361,8,8,1.000000000,0.172770195,-0.116817712,0.625000000,0.125000000,1,0,40,0.400000000,0.025000000,-0.071511664,-0.066641580
USD_CHF,NZD_JPY,False,1008,change,True,False,1.000000000,20,1,50,227,0.409040634,3.196043182,1.928265109,56.828193833,73.333333333,-0.141402836,2,2,1.000000000,0.090541728,-0.136307492,0.500000000,0.000000000,4,0,40,0.450000000,0.150000000,-0.069850310,-0.072969202
USD_CHF,NZD_USD,False,2663,stoch,True,False,30.000000000,20,1,50,164,0.371111423,3.162968146,1.502558633,53.658536585,60.000000000,-0.122282924,2,2,1.000000000,0.554453598,0.025759963,1.000000000,0.500000000,4,0,40,0.425000000,0.100000000,-0.071256672,-0.082394665
USD_CHF,OIL_USD,False,4712,change,True,False,1.000000000,20,1,50,239,0.242582509,3.088986116,1.214066508,56.903765690,60.000000000,-0.109580689,2,2,1.000000000,0.684466648,0.617646908,1.000000000,0.000000000,2,0,40,0.450000000,0.050000000,-0.072910945,-0.083547208
USD_CHF,SILVER_USD,False,1107,bb,True,False,1.500000000,20,1,15,211,0.357741252,2.750670158,1.889173021,56.872037915,66.666666667,-0.093243194,8,8,1.000000000,1.527631288,1.069215720,1.000000000,1.000000000,4,0,42,0.476190476,0.261904762,-0.072211795,-0.067495702
USD_CHF,TRY_JPY,False,3894,bb,False,False,1.000000000,20,1,100,159,0.336670804,3.244673840,1.308377210,54.088050314,53.333333333,-0.140900184,5,5,1.000000000,1.000067464,0.072059126,1.000000000,0.600000000,4,0,40,0.475000000,0.175000000,-0.068720452,-0.075579833
USD_CHF,UK100_Futures,False,1137,bb,True,False,1.000000000,20,1,100,165,0.442545184,3.023336949,1.880238925,60.000000000,73.333333333,-0.129107728,5,5,1.000000000,1.211924222,0.789134680,1.000000000,0.600000000,3,0,42,0.476190476,0.119047619,-0.070234333,-0.076112491
USD_CHF,US30_Futures,False,5503,sma,True,False,1.000000000,20,1,50,206,0.237082049,3.001462141,1.133703305,55.825242718,64.285714286,-0.106452001,2,2,1.000000000,0.308994326,-0.122059724,0.500000000,0.000000000,2,0,40,0.450000000,0.050000000,-0.069100504,-0.071302271
USD_CHF,USD_CAD,False,898,sma,False,False,1.000000000,20,1,200,182,0.481861311,3.296887452,1.971758084,55.494505495,66.666666667,-0.123321345,1,1,1.000000000,1.303270678,1.303270678,1.000000000,1.000000000,3,0,40,0.425000000,0.175000000,-0.068602664,-0.075258817
USD_CHF,USD_CHF,True,6695,sma,True,False,1.000000000,20,1,100,198,0.223425769,3.074053314,1.022714613,53.535353535,66.666666667,-0.174407406,2,2,1.000000000,0.643701236,0.367132199,1.000000000,0.000000000,1,0,42,0.452380952,0.023809524,-0.068855701,-0.057697039
USD_CHF,USD_JPY,False,6771,sma,False,False,1.000000000,20,1,10,196,0.234656032,3.228524765,1.017549711,53.061224490,66.666666667,-0.126947504,1,1,1.000000000,0.301474341,0.301474341,1.000000000,0.000000000,1,0,38,0.473684211,0.026315789,-0.065499801,-0.065493723
USD_CHF,USSPX500_Futures,False,9620,di,True,False,20.000000000,20,1,10,186,0.174079834,2.924298419,0.811863928,52.688172043,53.333333333,-0.217228847,1,1,1.000000000,-0.077502775,-0.077502775,0.000000000,0.000000000,0,0,44,0.454545455,0.000000000,-0.069598989,-0.072950748
USD_CHF,ZAR_JPY,False,6483,change,True,False,1.000000000,20,1,200,215,0.213651376,3.013116301,1.039702357,54.418604651,66.666666667,-0.064374483,1,1,1.000000000,0.002726254,0.002726254,1.000000000,0.000000000,1,0,40,0.425000000,0.025000000,-0.070417427,-0.080022155
USD_JPY,AUD_JPY,False,8900,sma,False,False,1.000000000,20,1,10,239,0.157134792,2.818326028,0.861946030,51.464435146,66.666666667,-7.643133920,1,1,1.000000000,0.467032901,0.467032901,1.000000000,0.000000000,0,0,40,0.500000000,0.000000000,-0.010634249,-0.011340229
USD_JPY,AUD_NZD,False,1628,bb,False,False,1.000000000,20,1,100,159,0.365577838,2.668363416,1.727561210,50.943396226,53.333333333,-15.203844560,5,5,1.000000000,0.852664843,0.394230924,1.000000000,0.200000000,4,0,42,0.500000000,0.190476190,-0.010015349,-0.008988876
USD_JPY,AUD_USD,False,7222,change,True,False,1.000000000,20,1,10,262,0.167161766,2.762616405,0.979415584,54.961832061,66.666666667,-5.325992800,1,1,1.000000000,0.582125828,0.582125828,1.000000000,0.000000000,0,0,40,0.475000000,0.000000000,-0.010593025,-0.010893182
USD_JPY,CAD_JPY,False,5756,change,False,False,1.000000000,20,1,50,228,0.205308589,2.796056124,1.108737297,52.631578947,53.333333333,-11.847551520,2,2,1.000000000,-0.535138521,-0.876541876,0.000000000,0.000000000,2,0,40,0.500000000,0.050000000,-0.010445040,-0.010345891
USD_JPY,CBOE_Volatility_Index,False,3413,stoch,True,False,30.000000000,20,1,100,156,0.293760396,2.664246762,1.377149529,54.487179487,80.000000000,-10.346758400,2,2,1.000000000,1.293619397,1.181895116,1.000000000,1.000000000,2,0,42,0.476190476,0.071428571,-0.011405626,-0.012450082
USD_JPY,CHF_JPY,False,5415,sma,True,False,1.000000000,20,1,10,226,0.214374999,2.820408637,1.142658145,56.194690265,73.333333333,-8.967670400,1,1,1.000000000,0.436894665,0.436894665,1.000000000,0.000000000,1,0,40,0.475000000,0.025000000,-0.010616262,-0.012018519
USD_JPY,COPPER_USD,False,1972,change,True,False,1.000000000,20,1,200,210,0.288961863,2.549054939,1.642748127,54.761904762,80.000000000,-16.794051600,1,1,1.000000000,-0.282735820,-0.282735820,0.000000000,0.000000000,3,0,40,0.500000000,0.075000000,-0.011209364,-0.011433619
USD_JPY,EUR_AUD,False,2236,bb,False,False,2.000000000,20,1,15,157,0.366904945,2.902147486,1.584104806,55.414012739,80.000000000,-17.213735520,8,7,0.875000000,0.050412684,-0.893669383,0.500000000,0.000000000,2,0,42,0.500000000,0.047619048,-0.010267027,-0.008951248
USD_JPY,EUR_CHF,False,2934,bb,True,False,1.000000000,20,1,100,151,0.334736856,2.831168429,1.452868472,50.993377483,73.333333333,-22.899354320,5,5,1.000000000,0.900736110,0.509599284,1.000000000,0.200000000,1,0,20,0.500000000,0.050000000,-0.010490408,-0.010595660
USD_JPY,EUR_GBP,False,713,change,True,False,1.000000000,20,1,200,191,0.401307024,2.700700197,2.053605733,59.685863874,80.000000000,-13.677284960,1,1,1.000000000,0.286978109,0.286978109,1.000000000,0.000000000,1,1,40,0.500000000,0.025000000,-0.010145983,-0.008993376
USD_JPY,EUR_JPY,False,5366,bb,False,False,1.000000000,20,1,15,259,0.188868294,2.647920919,1.147899665,50.193050193,66.666666667,-10.178731840,5,5,1.000000000,-0.391822373,-1.614357541,0.400000000,0.000000000,3,0,42,0.476190476,0.119047619,-0.010590003,-0.011211462
USD_JPY,EUR_NZD,False,6734,change,False,False,1.000000000,20,1,50,223,0.194648942,2.850186572,1.019837998,54.708520179,66.666666667,-9.643658400,2,2,1.000000000,0.366515832,-0.285493722,0.500000000,0.500000000,1,0,42,0.500000000,0.047619048,-0.010301211,-0.010516295
USD_JPY,EUR_USD,False,6305,sma,False,False,1.000000000,20,1,200,192,0.203297346,2.663751866,1.057519920,57.291666667,53.333333333,-21.945226560,1,1,1.000000000,0.255839366,0.255839366,1.000000000,0.000000000,1,0,38,0.500000000,0.026315789,-0.010626768,-0.011074267
USD_JPY,GBP_AUD,False,4376,stoch,False,False,30.000000000,20,1,15,234,0.230230969,2.809991667,1.253333472,52.991452991,60.000000000,-9.358997120,2,2,1.000000000,0.568805633,0.348246546,1.000000000,0.000000000,3,0,40,0.500000000,0.075000000,-0.010281885,-0.011127629
USD_JPY,GBP_CHF,False,1673,change,False,False,1.000000000,20,1,200,192,0.330614578,2.668667870,1.716635488,51.041666667,66.666666667,-11.985147800,1,1,1.000000000,0.203500754,0.203500754,1.000000000,0.000000000,2,0,40,0.500000000,0.050000000,-0.010345088,-0.011026563
USD_JPY,GBP_JPY,False,1218,sma,False,False,1.000000000,20,1,10,219,0.340852948,2.724458606,1.851436825,55.251141553,80.000000000,-11.895739760,1,1,1.000000000,1.059580290,1.059580290,1.000000000,1.000000000,4,0,42,0.500000000,0.190476190,-0.010477631,-0.010438294
USD_JPY,GBP_USD,False,4890,bb,True,False,1.500000000,20,1,10,239,0.207090388,2.678430117,1.195304552,51.046025105,80.000000000,-7.095455360,5,5,1.000000000,0.914282999,-0.098628614,0.800000000,0.400000000,1,0,42,0.500000000,0.023809524,-0.010184755,-0.010656952
USD_JPY,GOLD_USD,False,1693,sma,True,False,1.000000000,20,1,50,230,0.289067969,2.560308841,1.712267184,53.478260870,66.666666667,-9.319585040,2,2,1.000000000,0.483882269,0.188601740,1.000000000,0.000000000,5,0,40,0.500000000,0.175000000,-0.010703060,-0.009828991
USD_JPY,NQ100_Futures,False,3304,stoch,False,False,30.000000000,20,1,50,174,0.287213428,2.715978046,1.394932231,55.747126437,66.666666667,-13.989743200,2,2,1.000000000,0.590046667,0.199252436,1.000000000,0.000000000,4,0,40,0.500000000,0.150000000,-0.011082777,-0.011554705
USD_JPY,NZD_JPY,False,4643,bb,False,False,1.000000000,20,1,15,261,0.200308547,2.646633821,1.222716789,51.724137931,53.333333333,-13.175958720,5,5,1.000000000,-0.015407306,-0.789143533,0.400000000,0.000000000,2,0,40,0.500000000,0.050000000,-0.010810787,-0.011691506
USD_JPY,NZD_USD,False,3450,bb,True,False,1.000000000,20,1,100,162,0.304798384,2.825609632,1.372960380,58.024691358,73.333333333,-17.353382640,5,5,1.000000000,0.726681384,0.308988512,1.000000000,0.200000000,2,0,40,0.500000000,0.075000000,-0.010322836,-0.009404924
USD_JPY,OIL_USD,False,504,bb,True,False,1.500000000,20,1,15,212,0.388329884,2.593871983,2.179817852,54.716981132,80.000000000,-7.398681680,8,8,1.000000000,1.014483594,0.278884041,1.000000000,0.500000000,2,1,40,0.500000000,0.125000000,-0.011387233,-0.011393810
USD_JPY,SILVER_USD,False,3259,sma,True,False,1.000000000,20,1,15,281,0.226083415,2.699464208,1.403926237,54.092526690,86.666666667,-5.332354720,2,2,1.000000000,0.492505603,0.422848109,1.000000000,0.000000000,4,0,42,0.500000000,0.095238095,-0.011013062,-0.008583093
USD_JPY,TRY_JPY,False,4995,di,False,False,20.000000000,20,1,10,170,0.247627022,2.727038358,1.183944239,51.176470588,53.333333333,-11.069611600,1,1,1.000000000,-0.575304837,-0.575304837,0.000000000,0.000000000,1,0,40,0.500000000,0.025000000,-0.010749559,-0.011821959
USD_JPY,UK100_Futures,False,3192,change,True,False,1.000000000,20,1,15,261,0.221038965,2.524599641,1.414479233,55.555555556,66.666666667,-5.176420080,2,2,1.000000000,0.502183889,0.263959973,1.000000000,0.000000000,2,0,42,0.500000000,0.071428571,-0.011127116,-0.012066463
USD_JPY,US30_Futures,False,2956,stoch,False,False,30.000000000,20,1,15,223,0.256839636,2.648470874,1.448169098,56.950672646,57.142857143,-11.826874320,2,2,1.000000000,0.554957220,0.246243926,1.000000000,0.000000000,4,0,40,0.500000000,0.175000000,-0.010718813,-0.009501219
USD_JPY,USD_CAD,False,921,sma,False,False,1.000000000,20,1,200,182,0.384946502,2.646197998,1.962518392,60.989010989,73.333333333,-8.016432880,1,1,1.000000000,1.287334872,1.287334872,1.000000000,1.000000000,3,0,40,0.500000000,0.125000000,-0.010102493,-0.009664643
USD_JPY,USD_CHF,False,5075,sma,True,False,1.000000000,20,1,200,195,0.230459590,2.736278790,1.176120299,54.358974359,46.666666667,-18.767871920,1,1,1.000000000,0.559068524,0.559068524,1.000000000,0.000000000,1,0,42,0.428571429,0.023809524,-0.010695534,-0.009295803
USD_JPY,USD_JPY,True,3663,sma,False,False,1.000000000,20,1,15,204,0.250377168,2.663272615,1.342746975,51.470588235,66.666666667,-11.296128880,2,2,1.000000000,0.398918953,-0.127583225,0.500000000,0.000000000,3,0,38,0.500000000,0.078947368,-0.010337178,-0.010266712
USD_JPY,USSPX500_Futures,False,265,bb,False,False,1.000000000,20,1,200,150,0.499333338,2.523207069,2.423724760,59.333333333,73.333333333,-12.310475680,3,3,1.000000000,0.978396049,0.245711163,1.000000000,0.333333333,3,1,44,0.500000000,0.181818182,-0.010988591,-0.011565458
USD_JPY,ZAR_JPY,False,3270,change,True,False,1.000000000,20,1,200,215,0.256603599,2.683307132,1.402205250,52.093023256,73.333333333,-13.377075840,1,1,1.000000000,1.018119236,1.018119236,1.000000000,1.000000000,1,0,40,0.500000000,0.050000000,-0.010917656,-0.008674500
USSPX500_Futures,AUD_JPY,False,14037,stoch,False,False,30.000000000,20,1,50,160,0.204163770,4.562163228,0.566067015,56.250000000,53.333333333,-299.330000000,2,2,1.000000000,-0.748240925,-0.945112844,0.000000000,0.000000000,0,0,40,0.150000000,0.000000000,-0.493694895,-0.550324927
USSPX500_Futures,AUD_NZD,False,1805,di,False,False,20.000000000,20,1,10,158,0.566053850,4.224868585,1.684120208,55.696202532,66.666666667,-206.000000000,1,1,1.000000000,1.439661258,1.439661258,1.000000000,1.000000000,2,0,40,0.325000000,0.050000000,-0.466301785,-0.381486395
USSPX500_Futures,AUD_USD,False,5056,di,True,False,20.000000000,20,1,10,190,0.366947799,4.294919841,1.177676542,49.473684211,60.000000000,-166.620000000,1,1,1.000000000,0.040996182,0.040996182,1.000000000,0.000000000,1,0,40,0.125000000,0.025000000,-0.497431025,-0.424855343
USSPX500_Futures,CAD_JPY,False,4599,bb,False,False,1.000000000,20,1,100,156,0.431018513,4.386383608,1.227302485,54.487179487,60.000000000,-163.000000000,5,5,1.000000000,1.018881480,0.658852093,1.000000000,0.600000000,2,0,40,0.250000000,0.050000000,-0.499247514,-0.456714181
USSPX500_Futures,CBOE_Volatility_Index,False,11187,bb,False,False,1.500000000,20,1,15,216,0.229666022,4.699450681,0.718251477,50.925925926,66.666666667,-111.250000000,8,8,1.000000000,-0.190521194,-0.745426157,0.250000000,0.125000000,0,0,42,0.071428571,0.000000000,-0.538343548,-0.510992527
USSPX500_Futures,CHF_JPY,False,5319,bb,False,False,1.500000000,20,1,15,226,0.349282052,4.554630735,1.152861982,52.654867257,66.666666667,-161.000000000,8,8,1.000000000,0.235791692,-0.223427253,0.625000000,0.125000000,1,0,40,0.350000000,0.025000000,-0.501357702,-0.487800254
USSPX500_Futures,COPPER_USD,False,8938,bb,True,False,1.500000000,20,1,10,234,0.288483147,5.134071014,0.859540816,48.717948718,60.000000000,-410.500000000,5,5,1.000000000,0.596250282,-0.112459204,0.600000000,0.200000000,0,0,40,0.275000000,0.000000000,-0.519361746,-0.510342084
USSPX500_Futures,EUR_AUD,False,813,bb,False,False,2.000000000,20,1,15,156,0.726876438,4.517848233,2.009515001,54.487179487,80.000000000,-117.500000000,8,7,0.875000000,0.235240312,-0.946060484,0.500000000,0.250000000,3,1,42,0.380952381,0.166666667,-0.497377736,-0.499074933
USSPX500_Futures,EUR_CHF,False,7869,change,False,False,1.000000000,20,1,100,153,0.376397756,4.993944036,0.932285800,58.169934641,60.000000000,-238.950000000,2,2,1.000000000,0.338540147,-0.702321036,0.500000000,0.500000000,0,0,18,0.277777778,0.000000000,-0.503131480,-0.530845964
USSPX500_Futures,EUR_GBP,False,1169,sma,False,False,1.000000000,20,1,15,169,0.702492704,4.885710689,1.869207109,55.029585799,53.333333333,-122.250000000,2,2,1.000000000,0.115618188,-0.868606259,0.500000000,0.500000000,4,0,40,0.400000000,0.125000000,-0.476315361,-0.468051907
USSPX500_Futures,EUR_JPY,False,5612,change,False,False,1.000000000,20,1,100,206,0.344683909,4.407359084,1.122473725,54.368932039,46.666666667,-258.280000000,2,2,1.000000000,-0.295085346,-0.692995488,0.500000000,0.000000000,1,0,40,0.225000000,0.025000000,-0.493741508,-0.436540305
USSPX500_Futures,EUR_NZD,False,5377,stoch,False,False,30.000000000,20,1,15,241,0.356444616,4.824246756,1.147020202,51.867219917,73.333333333,-230.360000000,2,2,1.000000000,0.474406565,-0.069773773,0.500000000,0.500000000,3,0,40,0.375000000,0.100000000,-0.511742171,-0.484319742
USSPX500_Futures,EUR_USD,False,10507,change,False,False,1.000000000,20,1,100,196,0.250605371,4.638200107,0.756430321,55.612244898,46.666666667,-225.000000000,2,2,1.000000000,-0.507960040,-0.673368736,0.000000000,0.000000000,0,0,38,0.157894737,0.000000000,-0.490828876,-0.475060467
USSPX500_Futures,GBP_AUD,False,21237,stoch,False,False,30.000000000,20,1,10,250,0.073823737,4.718662303,0.247370059,51.200000000,46.666666667,-281.500000000,1,1,1.000000000,-1.035127672,-1.035127672,0.000000000,0.000000000,0,0,40,0.125000000,0.000000000,-0.488034448,-0.460529128
USSPX500_Futures,GBP_CHF,False,5981,bb,True,False,1.000000000,20,1,15,264,0.316681585,4.731549069,1.087480366,53.787878788,53.333333333,-263.600000000,5,5,1.000000000,0.538365799,-0.147944428,0.800000000,0.200000000,4,0,38,0.368421053,0.131578947,-0.474503935,-0.358893804
USSPX500_Futures,GBP_JPY,False,1799,bb,True,False,2.000000000,20,1,15,151,0.613214771,4.471874777,1.685044782,55.629139073,66.666666667,-132.000000000,8,7,0.875000000,-0.241769760,-0.905797741,0.375000000,0.000000000,1,0,42,0.261904762,0.023809524,-0.478148214,-0.467625848
USSPX500_Futures,GBP_USD,False,10176,sma,True,False,1.000000000,20,1,15,197,0.276516448,5.005829615,0.775314700,50.761421320,60.000000000,-182.000000000,2,2,1.000000000,0.046379064,-0.180242696,0.500000000,0.000000000,0,0,40,0.300000000,0.000000000,-0.489614432,-0.443616702
USSPX500_Futures,GOLD_USD,False,8351,bb,True,False,1.500000000,20,1,10,239,0.281441695,4.846300645,0.897794695,51.046025105,60.000000000,-230.000000000,5,5,1.000000000,0.769404522,-0.519431250,0.800000000,0.400000000,0,0,36,0.333333333,0.000000000,-0.495631690,-0.516277196
USSPX500_Futures,NQ100_Futures,False,8288,sma,False,False,1.000000000,20,1,100,208,0.297647499,4.755566950,0.902675396,52.403846154,53.333333333,-320.700000000,2,2,1.000000000,-0.178439995,-0.793084623,0.500000000,0.000000000,0,0,40,0.150000000,0.000000000,-0.519682212,-0.509597905
USSPX500_Futures,NZD_JPY,False,8616,bb,True,False,1.500000000,20,1,10,229,0.268559626,4.614974510,0.880621245,51.091703057,60.000000000,-165.060000000,5,5,1.000000000,0.636818958,-0.684537685,0.800000000,0.400000000,0,0,40,0.275000000,0.000000000,-0.515504623,-0.479467971
USSPX500_Futures,NZD_USD,False,8987,di,True,False,20.000000000,20,1,10,187,0.279793842,4.467854862,0.856366952,48.128342246,53.333333333,-216.850000000,1,1,1.000000000,0.970687657,0.970687657,1.000000000,0.000000000,0,0,40,0.225000000,0.000000000,-0.512471206,-0.533926823
USSPX500_Futures,OIL_USD,False,7205,bb,False,False,1.000000000,20,1,100,161,0.355337194,4.598563308,0.980463513,56.521739130,53.333333333,-157.660000000,5,5,1.000000000,-0.018927618,-0.576421449,0.600000000,0.000000000,0,0,40,0.375000000,0.000000000,-0.515647798,-0.518817677
USSPX500_Futures,SILVER_USD,False,763,bb,True,False,1.500000000,20,1,10,226,0.631949036,4.667355228,2.035473343,55.752212389,80.000000000,-172.250000000,5,5,1.000000000,1.170397528,0.574981847,1.000000000,0.600000000,3,1,38,0.421052632,0.131578947,-0.512984229,-0.538545619
USSPX500_Futures,TRY_JPY,False,24228,bb,False,False,1.000000000,20,1,15,246,0.035358965,4.388401063,0.126374888,49.593495935,46.666666667,-412.850000000,5,5,1.000000000,-0.193489785,-1.042953923,0.200000000,0.000000000,0,0,40,0.050000000,0.000000000,-0.508583318,-0.518064874
USSPX500_Futures,UK100_Futures,False,10588,sma,False,False,1.000000000,20,1,200,198,0.246331169,4.605642979,0.752595634,56.060606061,66.666666667,-394.250000000,1,1,1.000000000,0.422937778,0.422937778,1.000000000,0.000000000,0,0,40,0.200000000,0.000000000,-0.515654410,-0.486799687
USSPX500_Futures,US30_Futures,False,19611,sma,False,False,1.000000000,20,1,200,185,0.096855745,4.196879385,0.313895262,55.675675676,53.846153846,-175.750000000,1,1,1.000000000,-0.362317168,-0.362317168,0.000000000,0.000000000,0,0,40,0.125000000,0.000000000,-0.497774103,-0.475533737
USSPX500_Futures,USD_CAD,False,13554,sma,False,False,1.000000000,20,1,50,188,0.227904817,5.305327297,0.589006718,50.000000000,53.333333333,-182.000000000,2,2,1.000000000,-0.439096695,-0.491912645,0.000000000,0.000000000,0,0,40,0.225000000,0.000000000,-0.480112508,-0.474512437
USSPX500_Futures,USD_CHF,False,6524,stoch,True,False,30.000000000,20,1,15,236,0.306564049,4.542752398,1.036712078,54.661016949,53.333333333,-187.000000000,2,2,1.000000000,0.570438694,0.211084154,1.000000000,0.000000000,2,0,38,0.342105263,0.052631579,-0.509062526,-0.513083120
USSPX500_Futures,USD_JPY,False,14136,change,False,False,1.000000000,20,1,50,206,0.172745691,4.414334035,0.561662772,50.485436893,46.666666667,-266.000000000,2,2,1.000000000,-0.817403880,-1.317717548,0.000000000,0.000000000,0,0,36,0.138888889,0.000000000,-0.485105008,-0.500840044
USSPX500_Futures,USSPX500_Futures,True,4528,sma,False,False,1.000000000,20,1,200,194,0.362938904,4.090591283,1.235800311,58.247422680,60.000000000,-177.250000000,1,1,1.000000000,0.453857003,0.453857003,1.000000000,0.000000000,1,0,40,0.275000000,0.025000000,-0.522236034,-0.508580514
USSPX500_Futures,ZAR_JPY,False,12343,sma,False,False,1.000000000,20,1,200,203,0.220245524,4.791361092,0.654931997,48.275862069,40.000000000,-216.000000000,1,1,1.000000000,0.616772060,0.616772060,1.000000000,0.000000000,0,0,40,0.225000000,0.000000000,-0.512108730,-0.512501311
ZAR_JPY,AUD_JPY,False,10562,bb,False,False,1.000000000,20,1,100,159,0.310796281,5.196626230,0.754141594,52.830188679,53.333333333,-2.852139853,5,5,1.000000000,0.817256398,0.234993898,1.000000000,0.400000000,0,0,40,0.450000000,0.000000000,-0.212525485,-0.213231113
ZAR_JPY,AUD_NZD,False,648,bb,False,False,1.000000000,20,1,100,159,0.830436133,5.029825599,2.081861687,57.861635220,73.333333333,-2.529981988,5,5,1.000000000,0.716163384,-0.221805983,0.600000000,0.400000000,3,2,42,0.404761905,0.095238095,-0.203835048,-0.210913506
ZAR_JPY,AUD_USD,False,10747,stoch,False,False,30.000000000,20,1,50,166,0.280882367,4.866670782,0.743612278,52.409638554,46.666666667,-4.517489134,2,2,1.000000000,0.069338985,-0.632154428,0.500000000,0.000000000,0,0,40,0.400000000,0.000000000,-0.207951574,-0.203128331
ZAR_JPY,CAD_JPY,False,4747,bb,False,False,1.000000000,20,1,100,161,0.506375079,5.307990893,1.210472961,54.658385093,60.000000000,-2.988350958,5,5,1.000000000,0.650536258,-0.349562794,0.800000000,0.400000000,1,0,40,0.325000000,0.025000000,-0.209945767,-0.218780570
ZAR_JPY,CBOE_Volatility_Index,False,4479,bb,True,False,1.000000000,20,1,100,166,0.454749414,4.723176220,1.240486502,53.614457831,73.333333333,-2.879402172,5,5,1.000000000,1.245450661,0.371430032,1.000000000,0.600000000,2,0,42,0.357142857,0.071428571,-0.240499863,-0.269831823
ZAR_JPY,CHF_JPY,False,9014,change,True,False,1.000000000,20,1,200,196,0.311002086,5.098680055,0.853952230,47.959183673,66.666666667,-4.281508898,1,1,1.000000000,-0.766005915,-0.766005915,0.000000000,0.000000000,0,0,40,0.350000000,0.000000000,-0.207102603,-0.192004195
ZAR_JPY,COPPER_USD,False,467,sma,False,False,1.000000000,20,1,100,212,0.791229460,5.234211302,2.200995369,55.660377358,73.333333333,-3.751345889,2,2,1.000000000,0.603234541,0.555064749,1.000000000,0.000000000,4,1,40,0.375000000,0.125000000,-0.223479557,-0.231904148
ZAR_JPY,EUR_AUD,False,849,bb,False,False,2.000000000,20,1,15,157,0.701771876,4.410847801,1.993534303,56.687898089,73.333333333,-5.277890095,8,7,0.875000000,-0.402515036,-1.783204771,0.375000000,0.000000000,2,0,42,0.357142857,0.047619048,-0.211436058,-0.239723269
ZAR_JPY,EUR_CHF,False,14985,bb,False,False,1.000000000,20,1,50,179,0.191834189,4.938022105,0.519755982,51.396648045,46.666666667,-3.964158464,5,5,1.000000000,0.055105167,-0.239755706,0.800000000,0.000000000,0,0,20,0.450000000,0.000000000,-0.212404399,-0.222537187
ZAR_JPY,EUR_GBP,False,5592,di,False,False,20.000000000,20,1,10,184,0.439217819,5.300353639,1.124045823,53.260869565,66.666666667,-3.987542933,1,1,1.000000000,-0.267591322,-0.267591322,0.000000000,0.000000000,2,0,40,0.475000000,0.075000000,-0.204008580,-0.211171333
ZAR_JPY,EUR_JPY,False,4796,change,False,False,1.000000000,20,1,100,210,0.438995887,5.280754054,1.204686815,55.238095238,46.666666667,-2.487507506,2,2,1.000000000,0.469017256,0.432638313,1.000000000,0.000000000,1,0,42,0.309523810,0.023809524,-0.209268671,-0.221247833
ZAR_JPY,EUR_NZD,False,940,change,True,False,1.000000000,20,1,200,195,0.698664404,4.990478668,1.954986304,57.435897436,80.000000000,-2.350613158,1,1,1.000000000,0.228827454,0.228827454,1.000000000,0.000000000,2,0,42,0.404761905,0.047619048,-0.211943030,-0.224811774
ZAR_JPY,EUR_USD,False,4443,sma,False,False,1.000000000,20,1,200,192,0.457241829,5.090730636,1.244561751,52.083333333,60.000000000,-3.286445444,1,1,1.000000000,-0.150066539,-0.150066539,0.000000000,0.000000000,1,0,38,0.315789474,0.052631579,-0.201072308,-0.202459715
ZAR_JPY,GBP_AUD,False,5090,change,True,False,1.000000000,20,1,50,212,0.406821395,5.043983300,1.174351415,52.830188679,53.333333333,-4.678020185,2,2,1.000000000,0.226222212,0.086365946,1.000000000,0.000000000,1,0,40,0.275000000,0.025000000,-0.208938713,-0.220460041
ZAR_JPY,GBP_CHF,False,6400,stoch,True,False,30.000000000,20,1,50,151,0.454724367,5.331252004,1.048111507,57.615894040,73.333333333,-4.826202659,2,2,1.000000000,0.311192806,0.014461297,1.000000000,0.000000000,1,0,40,0.350000000,0.025000000,-0.204203601,-0.184665903
ZAR_JPY,GBP_JPY,False,4555,change,False,False,1.000000000,20,1,100,211,0.436945248,5.150428537,1.232323933,53.554502370,53.333333333,-1.155517589,2,2,1.000000000,0.025376287,-0.153902841,0.500000000,0.000000000,2,0,42,0.285714286,0.047619048,-0.210287495,-0.211301849
ZAR_JPY,GBP_USD,False,7586,bb,True,False,1.500000000,20,1,15,218,0.350088668,5.428859960,0.952133095,53.669724771,66.666666667,-2.424699710,8,8,1.000000000,0.619018743,0.204513665,1.000000000,0.125000000,0,0,42,0.428571429,0.000000000,-0.198540836,-0.189669357
ZAR_JPY,GOLD_USD,False,1515,sma,False,False,1.000000000,20,1,200,197,0.645540375,5.155029865,1.757621424,59.390862944,73.333333333,-2.012410380,1,1,1.000000000,0.219080361,0.219080361,1.000000000,0.000000000,2,0,40,0.500000000,0.075000000,-0.211567488,-0.169879132
ZAR_JPY,NQ100_Futures,False,5738,change,False,False,1.000000000,20,1,100,216,0.372078779,4.924065247,1.110549646,51.851851852,60.000000000,-2.209123736,2,2,1.000000000,0.087809008,-0.157162503,0.500000000,0.000000000,1,0,40,0.375000000,0.025000000,-0.227575456,-0.236746040
ZAR_JPY,NZD_JPY,False,3884,di,True,False,20.000000000,20,1,10,184,0.453186641,4.692629315,1.309995372,56.521739130,66.666666667,-2.080343898,1,1,1.000000000,0.485580434,0.485580434,1.000000000,0.000000000,2,0,40,0.375000000,0.075000000,-0.214968273,-0.198578237
ZAR_JPY,NZD_USD,False,1785,change,False,False,1.000000000,20,1,200,201,0.601535127,5.046880326,1.689802762,55.223880597,60.000000000,-3.251689314,1,1,1.000000000,-0.386844690,-0.386844690,0.000000000,0.000000000,1,0,40,0.350000000,0.025000000,-0.207662707,-0.197403904
ZAR_JPY,OIL_USD,False,3586,stoch,False,False,30.000000000,20,1,50,171,0.532306722,5.144683496,1.353011052,56.140350877,60.000000000,-1.481878985,2,2,1.000000000,0.273382797,-0.545579302,0.500000000,0.500000000,3,0,40,0.350000000,0.100000000,-0.217395565,-0.237189463
ZAR_JPY,SILVER_USD,False,2238,change,False,False,1.000000000,20,1,100,227,0.506680907,4.822138793,1.583097859,52.863436123,66.666666667,-2.065729177,2,2,1.000000000,0.527658875,0.338148984,1.000000000,0.000000000,2,0,42,0.428571429,0.047619048,-0.217723520,-0.231549284
ZAR_JPY,TRY_JPY,False,12135,sma,True,False,1.000000000,20,1,10,272,0.209244047,5.185780546,0.665462258,52.205882353,73.333333333,-3.488497918,1,1,1.000000000,0.318857813,0.318857813,1.000000000,0.000000000,0,0,40,0.325000000,0.000000000,-0.215843299,-0.184132058
ZAR_JPY,UK100_Futures,False,3268,bb,False,False,1.000000000,20,1,100,165,0.550776053,5.043397005,1.402793888,55.151515152,60.000000000,-2.494126287,5,5,1.000000000,0.913477347,-0.201771419,0.800000000,0.600000000,1,0,42,0.333333333,0.047619048,-0.219622252,-0.220066650
ZAR_JPY,US30_Futures,False,12796,bb,False,False,1.500000000,20,1,10,214,0.206962231,4.797629383,0.631060924,49.532710280,64.285714286,-3.704675066,5,5,1.000000000,-0.457260170,-0.906764321,0.200000000,0.000000000,0,0,40,0.375000000,0.000000000,-0.214713432,-0.219467454
ZAR_JPY,USD_CAD,False,11379,di,False,False,20.000000000,20,1,10,185,0.278646980,5.360290969,0.707052789,51.891891892,60.000000000,-2.273294746,1,1,1.000000000,-0.034924225,-0.034924225,0.000000000,0.000000000,0,0,40,0.400000000,0.000000000,-0.198607974,-0.231026601
ZAR_JPY,USD_CHF,False,6036,stoch,True,False,30.000000000,20,1,50,163,0.428414303,5.050809216,1.082921061,53.374233129,60.000000000,-3.158964550,2,2,1.000000000,0.576637886,0.353703269,1.000000000,0.000000000,1,0,42,0.357142857,0.023809524,-0.202706848,-0.197311655
ZAR_JPY,USD_JPY,False,11567,change,True,False,1.000000000,20,1,200,192,0.258942344,5.149468030,0.696773017,51.562500000,60.000000000,-4.698305706,1,1,1.000000000,-0.886895449,-0.886895449,0.000000000,0.000000000,0,0,38,0.447368421,0.000000000,-0.204353176,-0.199915352
ZAR_JPY,USSPX500_Futures,False,7010,bb,False,False,1.000000000,20,1,50,195,0.345512545,4.844910083,0.995853386,51.282051282,60.000000000,-1.537428157,5,5,1.000000000,0.134922138,-0.177433094,0.600000000,0.000000000,0,0,44,0.340909091,0.000000000,-0.220856896,-0.269952682
ZAR_JPY,ZAR_JPY,True,6593,di,False,False,20.000000000,20,1,10,160,0.403637214,4.949665974,1.031514411,52.500000000,60.000000000,-2.752388350,1,1,1.000000000,0.109412850,0.109412850,1.000000000,0.000000000,1,0,40,0.350000000,0.025000000,-0.219992363,-0.213811582
